"DateTime","File size"
"2023-02-27 16:35:55",1481
"2023-02-27 16:37:28",1480
"2023-02-27 16:37:32",1485
"2023-02-27 16:37:37",1493
"2023-02-27 16:37:39",1495
"2023-02-27 16:37:42",1500
"2023-02-27 16:38:01",1502
"2023-02-27 16:38:04",1507
"2023-02-27 16:38:06",1510
"2023-02-27 16:38:11",1518
"2023-02-27 16:38:13",1520
"2023-02-27 16:38:16",1521
"2023-02-27 16:38:18",1526
"2023-02-27 16:38:22",1531
"2023-02-27 16:38:25",1535
"2023-02-27 16:38:28",1535
"2023-02-27 16:38:31",1540
"2023-02-27 16:38:34",1543
"2023-02-27 16:38:37",1544
"2023-02-27 16:38:42",1544
"2023-02-27 16:38:44",1545
"2023-02-27 16:38:47",1550
"2023-02-27 16:38:50",1555
"2023-02-27 16:38:52",1559
"2023-02-27 16:38:56",1563
"2023-02-27 16:38:59",1571
"2023-02-27 16:39:01",1580
"2023-02-27 16:39:05",1586
"2023-02-27 16:39:09",1592
"2023-02-27 16:39:11",1599
"2023-02-27 16:39:15",1600
"2023-02-27 16:39:29",1600
"2023-02-27 16:39:31",1604
"2023-02-27 16:39:35",1615
"2023-02-27 16:39:40",1620
"2023-02-27 16:39:43",1624
"2023-02-27 16:39:45",1630
"2023-02-27 16:39:50",1640
"2023-02-27 16:39:52",1644
"2023-02-27 16:39:54",1640
"2023-02-27 16:39:59",1640
"2023-02-27 16:40:02",1643
"2023-02-27 16:40:04",1648
"2023-02-27 16:40:06",1652
"2023-02-27 16:40:11",1661
"2023-02-27 16:40:13",1662
"2023-02-27 16:40:20",1669
"2023-02-27 16:40:22",1675
"2023-02-27 16:40:24",1682
"2023-02-27 16:40:27",1685
"2023-02-27 16:40:31",1688
"2023-02-27 16:40:33",1693
"2023-02-27 16:40:36",1696
"2023-02-27 16:40:38",1697
"2023-02-27 16:40:43",1706
"2023-02-27 16:40:47",1714
"2023-02-27 16:40:49",1721
"2023-02-27 16:40:57",1728
"2023-02-27 16:40:59",1734
"2023-02-27 16:41:01",1742
"2023-02-27 16:41:04",1749
"2023-02-27 16:41:06",1752
"2023-02-27 16:41:11",1761
"2023-02-27 16:41:13",1768
"2023-02-27 16:41:15",1773
"2023-02-27 16:41:17",1776
"2023-02-27 16:41:25",1780
"2023-02-27 16:41:27",1782
"2023-02-27 16:41:30",1792
"2023-02-27 16:41:32",1783
"2023-02-27 16:41:35",1792
"2023-02-27 16:41:39",1801
"2023-02-27 16:41:41",1805
"2023-02-27 16:41:43",1811
"2023-02-27 16:41:54",1824
"2023-02-27 16:41:57",1830
"2023-02-27 16:42:00",1835
"2023-02-27 16:42:02",1841
"2023-02-27 16:42:04",1846
"2023-02-27 16:42:10",1855
"2023-02-27 16:42:31",1856
"2023-02-27 16:42:40",1860
"2023-02-27 16:42:43",1864
"2023-02-27 16:42:46",1868
"2023-02-27 16:43:24",1873
"2023-02-27 16:43:37",1869
"2023-02-27 16:43:52",1871
"2023-02-27 16:43:54",1877
"2023-02-27 16:43:57",1881
"2023-02-27 16:43:59",1882
"2023-02-27 16:44:09",1888
"2023-02-27 16:44:11",1890
"2023-02-27 16:44:14",1895
"2023-02-27 16:44:18",1904
"2023-02-27 16:44:20",1908
"2023-02-27 16:44:23",1914
"2023-02-27 16:44:25",1916
"2023-02-27 16:44:28",1922
"2023-02-27 16:44:33",1905
"2023-02-27 16:44:35",1914
"2023-02-27 16:44:51",1920
"2023-02-27 16:44:53",1925
"2023-02-27 16:44:55",1932
"2023-02-27 16:44:57",1935
"2023-02-27 16:45:00",1940
"2023-02-27 16:45:02",1944
"2023-02-27 16:45:11",1957
"2023-02-27 16:45:13",1963
"2023-02-27 16:45:16",1966
"2023-02-27 16:45:18",1972
"2023-02-27 16:45:21",1978
"2023-02-27 16:45:26",1993
"2023-02-27 16:45:28",1994
"2023-02-27 16:45:31",1998
"2023-02-27 16:45:33",2006
"2023-02-27 16:45:35",2009
"2023-02-27 16:45:38",2017
"2023-02-27 16:45:43",2021
"2023-02-27 16:45:45",2027
"2023-02-27 16:45:48",2031
"2023-02-27 16:45:53",2040
"2023-02-27 16:45:55",2039
"2023-02-27 16:45:57",2042
"2023-02-27 16:46:00",2048
"2023-02-27 16:46:02",2053
"2023-02-27 16:46:04",2055
"2023-02-27 16:46:09",2056
"2023-02-27 16:46:34",2057
"2023-02-27 16:46:38",2061
"2023-02-27 16:46:41",2065
"2023-02-27 16:46:44",2062
"2023-02-27 16:46:46",2069
"2023-02-27 16:46:59",2068
"2023-02-27 16:47:42",2185
"2023-02-27 16:49:21",2186
"2023-02-27 16:49:27",2181
"2023-02-27 16:49:30",2184
"2023-02-27 16:49:40",2182
"2023-02-27 16:49:45",2180
"2023-02-27 16:49:56",2181