SubmissionID,ExerciseID,StudentID,StartDate,LastUpdateDate,NumberAutograderRuns,TimeOnTask,CodeHistoryLink,StudentCode
3158039,2225,394,2020-09-29 15:01:03.863059+00:00,2020-09-29 15:16:45.451455+00:00,1.0,9.0,https://backend.academy.cs.cmu.edu/a/user/394/files/3917403/1,
3647373,2283,394,2020-10-29 15:09:44.310674+00:00,2020-10-29 15:13:31.140109+00:00,1.0,35.0,https://backend.academy.cs.cmu.edu/a/user/394/files/4416764/1,
2822445,1930,23061,2020-09-10 14:54:39.899964+00:00,2020-09-10 17:46:01.620005+00:00,1.0,0.0,https://backend.academy.cs.cmu.edu/a/user/23061/files/3578068/1,
3432182,1998,23061,2020-10-15 18:01:14.155414+00:00,2020-10-16 17:52:02.420662+00:00,3.0,1.0,https://backend.academy.cs.cmu.edu/a/user/23061/files/4196779/1,
3677714,2063,23425,2020-10-30 20:18:19.635422+00:00,2020-10-30 20:21:28.065233+00:00,1.0,191.0,https://backend.academy.cs.cmu.edu/a/user/23425/files/4447175/1,
6210460,1986,25419,2021-05-25 13:46:51.622107+00:00,2021-05-25 13:47:29.665041+00:00,1.0,68.0,https://backend.academy.cs.cmu.edu/a/user/25419/files/7166030/1,
5807635,1933,25791,2021-04-26 11:06:24.308974+00:00,2021-04-26 11:21:35.644566+00:00,1.0,96.0,https://backend.academy.cs.cmu.edu/a/user/25791/files/6747747/1,
6136314,2000,25797,2021-05-18 16:54:26.871103+00:00,2021-05-18 16:56:20.331626+00:00,1.0,124.0,https://backend.academy.cs.cmu.edu/a/user/25797/files/7088695/1,
6021318,1975,25801,2021-05-10 11:19:10.440136+00:00,2021-05-10 11:20:14.361661+00:00,1.0,61.0,https://backend.academy.cs.cmu.edu/a/user/25801/files/6968595/1,
2774776,1893,25831,2020-09-08 13:42:14.996487+00:00,2020-09-08 13:42:14.996605+00:00,1.0,19.0,https://backend.academy.cs.cmu.edu/a/user/25831/files/3529777/1,
5905268,1920,29416,2021-04-30 13:18:35.950310+00:00,2021-04-30 13:18:35.950331+00:00,1.0,127.0,https://backend.academy.cs.cmu.edu/a/user/29416/files/6848135/1,
4286822,1892,30204,2020-12-15 15:24:49.482584+00:00,2020-12-15 15:24:49.482599+00:00,1.0,11.0,https://backend.academy.cs.cmu.edu/a/user/30204/files/5078764/1,
6384596,1986,32773,2021-06-22 09:48:44.290100+00:00,2021-06-22 09:51:15.243264+00:00,1.0,153.0,https://backend.academy.cs.cmu.edu/a/user/32773/files/7352894/1,
6260447,2065,34683,2021-05-31 07:11:35.958367+00:00,2021-05-31 07:15:17.531129+00:00,1.0,29.0,https://backend.academy.cs.cmu.edu/a/user/34683/files/7218568/1,
6245944,2064,34683,2021-05-27 22:14:35.055831+00:00,2021-05-27 22:15:53.007645+00:00,1.0,49.0,https://backend.academy.cs.cmu.edu/a/user/34683/files/7203385/1,
5423651,1902,38163,2021-03-22 14:12:22.794466+00:00,2021-03-22 14:13:38.950622+00:00,1.0,68.0,https://backend.academy.cs.cmu.edu/a/user/38163/files/6344961/1,
4209410,1934,38336,2020-12-09 14:04:14.497240+00:00,2020-12-09 14:04:14.497257+00:00,1.0,108.0,https://backend.academy.cs.cmu.edu/a/user/38336/files/4997053/1,
4204988,1902,48318,2020-12-09 00:00:43.316347+00:00,2020-12-09 00:01:24.669525+00:00,1.0,46.0,https://backend.academy.cs.cmu.edu/a/user/48318/files/4992495/1,
3682599,2063,50159,2020-11-01 17:06:11.744704+00:00,2020-11-01 17:07:59.897138+00:00,1.0,110.0,https://backend.academy.cs.cmu.edu/a/user/50159/files/4452114/1,
3568283,2035,50390,2020-10-24 01:23:35.456612+00:00,2020-10-24 01:31:31.157087+00:00,2.0,6.0,https://backend.academy.cs.cmu.edu/a/user/50390/files/4335922/1,
2606660,1922,50447,2020-08-17 19:44:09.974524+00:00,2020-08-17 19:46:42.849826+00:00,1.0,5.0,https://backend.academy.cs.cmu.edu/a/user/50447/files/3360064/1,
2640198,1934,50447,2020-08-21 22:02:11.634381+00:00,2020-08-21 22:04:17.995429+00:00,1.0,15.0,https://backend.academy.cs.cmu.edu/a/user/50447/files/3393736/1,
2859689,1979,50447,2020-09-11 20:53:41.690514+00:00,2020-09-11 20:57:43.806995+00:00,1.0,5.0,https://backend.academy.cs.cmu.edu/a/user/50447/files/3615573/1,
2967598,1990,50447,2020-09-17 18:01:05.864363+00:00,2020-09-17 18:42:11.112772+00:00,7.0,3.0,https://backend.academy.cs.cmu.edu/a/user/50447/files/3724751/1,
3288840,2019,50447,2020-10-06 19:39:29.925365+00:00,2020-10-06 19:42:06.954800+00:00,1.0,8.0,https://backend.academy.cs.cmu.edu/a/user/50447/files/4050217/1,
4139787,1966,50450,2020-12-04 02:01:20.934087+00:00,2020-12-04 02:02:59.347211+00:00,2.0,107.0,https://backend.academy.cs.cmu.edu/a/user/50450/files/4924981/1,
2612600,1893,51304,2020-08-19 17:03:22.857232+00:00,2020-08-20 01:13:25.733725+00:00,2.0,0.0,https://backend.academy.cs.cmu.edu/a/user/51304/files/3366054/1,
3147251,1990,51304,2020-09-29 01:22:26.026784+00:00,2020-09-30 01:04:47.765635+00:00,2.0,4.0,https://backend.academy.cs.cmu.edu/a/user/51304/files/3906543/1,
3412425,2020,51885,2020-10-14 20:08:58.725152+00:00,2020-12-01 20:52:42.753809+00:00,1.0,81.0,https://backend.academy.cs.cmu.edu/a/user/51885/files/4176353/1,
4447160,2035,51885,2021-01-08 21:02:12.994547+00:00,2021-01-08 21:04:21.078937+00:00,2.0,129.0,https://backend.academy.cs.cmu.edu/a/user/51885/files/5248137/1,
3247690,1965,51956,2020-10-05 12:13:54.606123+00:00,2020-10-05 12:26:34.548832+00:00,4.0,5.0,https://backend.academy.cs.cmu.edu/a/user/51956/files/4008465/1,
2733910,1950,52024,2020-09-03 15:03:53.264245+00:00,2020-09-09 14:56:19.567037+00:00,4.0,0.0,https://backend.academy.cs.cmu.edu/a/user/52024/files/3488553/1,
3641595,2073,52137,2020-10-29 12:33:04.431767+00:00,2020-10-29 12:38:57.132362+00:00,1.0,5.0,https://backend.academy.cs.cmu.edu/a/user/52137/files/4410829/1,
4120764,2103,52137,2020-12-03 13:27:02.807092+00:00,2020-12-03 13:28:34.682561+00:00,1.0,93.0,https://backend.academy.cs.cmu.edu/a/user/52137/files/4905413/1,
3418644,2039,52138,2020-10-15 12:50:49.860458+00:00,2020-10-19 12:30:03.116760+00:00,3.0,2.0,https://backend.academy.cs.cmu.edu/a/user/52138/files/4182660/1,
3724221,2103,52158,2020-11-04 15:47:31.914402+00:00,2020-11-04 15:48:48.781204+00:00,1.0,79.0,https://backend.academy.cs.cmu.edu/a/user/52158/files/4495203/1,
3085801,2015,52164,2020-09-24 14:41:04.392300+00:00,2020-09-25 15:26:13.885057+00:00,1.0,18.0,https://backend.academy.cs.cmu.edu/a/user/52164/files/3844240/1,
4305339,1898,52353,2020-12-16 17:49:59.146381+00:00,2020-12-16 17:50:13.299476+00:00,1.0,15.0,https://backend.academy.cs.cmu.edu/a/user/52353/files/5098157/1,
3468930,2019,52825,2020-10-19 14:47:59.114222+00:00,2020-12-11 02:26:43.341747+00:00,2.0,163.0,https://backend.academy.cs.cmu.edu/a/user/52825/files/4234439/1,
3582046,2021,52825,2020-10-26 14:45:01.274314+00:00,2020-10-26 14:51:06.214620+00:00,1.0,82.0,https://backend.academy.cs.cmu.edu/a/user/52825/files/4349933/1,
4255345,2063,52825,2020-12-11 20:01:37.432365+00:00,2020-12-11 20:03:33.619490+00:00,1.0,117.0,https://backend.academy.cs.cmu.edu/a/user/52825/files/5045406/1,
2762528,1923,52873,2020-09-05 16:33:03.911831+00:00,2020-09-05 17:11:22.840807+00:00,1.0,13.0,https://backend.academy.cs.cmu.edu/a/user/52873/files/3517426/1,
4315101,2077,52878,2020-12-17 15:16:30.191461+00:00,2020-12-17 15:19:30.097046+00:00,1.0,183.0,https://backend.academy.cs.cmu.edu/a/user/52878/files/5108213/1,
3915288,1917,53386,2020-11-17 04:41:10.936803+00:00,2020-11-17 04:42:31.616494+00:00,1.0,82.0,https://backend.academy.cs.cmu.edu/a/user/53386/files/4693193/1,
3666393,1981,53429,2020-10-30 13:54:29.165459+00:00,2020-10-30 13:55:09.775842+00:00,1.0,51.0,https://backend.academy.cs.cmu.edu/a/user/53429/files/4435658/1,
3127814,1988,53688,2020-09-28 00:22:35.532427+00:00,2020-09-28 00:24:00.843119+00:00,1.0,12.0,https://backend.academy.cs.cmu.edu/a/user/53688/files/3886753/1,
3904234,1926,53760,2020-11-16 17:23:02.224715+00:00,2020-11-16 17:25:39.799348+00:00,1.0,115.0,https://backend.academy.cs.cmu.edu/a/user/53760/files/4681892/1,
3228935,2017,54012,2020-10-02 15:08:02.832268+00:00,2020-10-02 15:35:37.009534+00:00,2.0,10.0,https://backend.academy.cs.cmu.edu/a/user/54012/files/3989402/1,
3560270,2061,54012,2020-10-23 15:54:49.058133+00:00,2020-10-23 16:05:01.372768+00:00,5.0,16.0,https://backend.academy.cs.cmu.edu/a/user/54012/files/4327790/1,
3648784,2071,54012,2020-10-29 15:48:21.446802+00:00,2020-10-29 15:58:00.609255+00:00,1.0,19.0,https://backend.academy.cs.cmu.edu/a/user/54012/files/4418203/1,
3648524,2072,54012,2020-10-29 15:41:03.577433+00:00,2020-10-29 15:48:14.230976+00:00,1.0,23.0,https://backend.academy.cs.cmu.edu/a/user/54012/files/4417938/1,
3471997,2042,54091,2020-10-19 16:07:48.342881+00:00,2020-10-19 16:13:36.776465+00:00,1.0,2.0,https://backend.academy.cs.cmu.edu/a/user/54091/files/4237531/1,
3633936,2069,54740,2020-10-28 18:10:14.321987+00:00,2020-10-28 18:18:41.113157+00:00,2.0,3.0,https://backend.academy.cs.cmu.edu/a/user/54740/files/4402996/1,
3142842,1930,54758,2020-09-28 18:47:03.085347+00:00,2020-09-28 19:04:35.323555+00:00,2.0,24.0,https://backend.academy.cs.cmu.edu/a/user/54758/files/3902068/1,
3168298,1936,54758,2020-09-29 19:05:40.407703+00:00,2020-09-30 18:49:06.182344+00:00,1.0,2.0,https://backend.academy.cs.cmu.edu/a/user/54758/files/3927792/1,
3591722,1968,54758,2020-10-26 18:56:43.345814+00:00,2020-10-26 19:07:43.739564+00:00,2.0,0.0,https://backend.academy.cs.cmu.edu/a/user/54758/files/4359892/1,
2787674,1908,54918,2020-09-08 19:08:34.912327+00:00,2020-09-08 19:15:18.151085+00:00,1.0,14.0,https://backend.academy.cs.cmu.edu/a/user/54918/files/3542846/1,
2787849,1909,54918,2020-09-08 19:15:23.976067+00:00,2020-09-08 19:23:31.698513+00:00,1.0,11.0,https://backend.academy.cs.cmu.edu/a/user/54918/files/3543023/1,
2857746,1915,54918,2020-09-11 18:48:33.977613+00:00,2020-09-11 18:58:42.597452+00:00,1.0,7.0,https://backend.academy.cs.cmu.edu/a/user/54918/files/3613616/1,
2917899,1925,54918,2020-09-15 19:05:12.682458+00:00,2020-09-15 20:25:43.630976+00:00,1.0,11.0,https://backend.academy.cs.cmu.edu/a/user/54918/files/3674269/1,
3963848,2000,54978,2020-11-19 02:44:47.188040+00:00,2020-11-19 02:46:55.602076+00:00,1.0,117.0,https://backend.academy.cs.cmu.edu/a/user/54978/files/4743121/1,
3151944,1910,55160,2020-09-29 13:08:10.224220+00:00,2020-10-02 16:09:33.991591+00:00,1.0,3.0,https://backend.academy.cs.cmu.edu/a/user/55160/files/3911276/1,
2652203,1892,55205,2020-08-25 14:08:18.712938+00:00,2020-08-25 14:08:51.977020+00:00,2.0,36.0,https://backend.academy.cs.cmu.edu/a/user/55205/files/3405873/1,
3730994,1986,55209,2020-11-04 19:17:08.338802+00:00,2020-11-04 19:18:37.664654+00:00,1.0,91.0,https://backend.academy.cs.cmu.edu/a/user/55209/files/4502134/1,
4583978,2022,55322,2021-01-19 22:04:01.294628+00:00,2021-01-19 22:10:55.827399+00:00,1.0,415.0,https://backend.academy.cs.cmu.edu/a/user/55322/files/5391861/1,
4078546,1993,55359,2020-12-01 10:57:35.705831+00:00,2020-12-01 18:00:29.864999+00:00,1.0,231.0,https://backend.academy.cs.cmu.edu/a/user/55359/files/4861796/1,
3799760,1986,55365,2020-11-10 10:27:04.285788+00:00,2020-11-10 10:28:47.167622+00:00,3.0,176.0,https://backend.academy.cs.cmu.edu/a/user/55365/files/4573078/1,
3447336,2032,55454,2020-10-16 15:40:01.444147+00:00,2020-10-20 15:31:24.128234+00:00,3.0,0.0,https://backend.academy.cs.cmu.edu/a/user/55454/files/4212419/1,
3745649,2063,55454,2020-11-05 16:30:15.861616+00:00,2020-11-05 16:31:43.151386+00:00,1.0,88.0,https://backend.academy.cs.cmu.edu/a/user/55454/files/4517100/1,
3550225,1986,55934,2020-10-23 00:58:32.304578+00:00,2020-10-23 01:08:10.912021+00:00,3.0,31.0,https://backend.academy.cs.cmu.edu/a/user/55934/files/4317304/1,
3574853,1991,55934,2020-10-26 02:48:40.238216+00:00,2020-10-29 12:29:54.730407+00:00,2.0,11.0,https://backend.academy.cs.cmu.edu/a/user/55934/files/4342575/1,
3207297,2032,56019,2020-10-01 15:45:54.512611+00:00,2020-10-01 15:59:31.953719+00:00,7.0,0.0,https://backend.academy.cs.cmu.edu/a/user/56019/files/3967323/1,
2755928,1908,56035,2020-09-04 15:51:56.673996+00:00,2020-09-04 15:57:45.356475+00:00,1.0,3.0,https://backend.academy.cs.cmu.edu/a/user/56035/files/3510781/1,
3763439,1933,56035,2020-11-06 15:50:51.547275+00:00,2020-11-06 15:51:30.178450+00:00,1.0,41.0,https://backend.academy.cs.cmu.edu/a/user/56035/files/4535374/1,
2663615,1896,56160,2020-08-26 18:31:53.404241+00:00,2020-08-28 17:43:09.905249+00:00,6.0,3.0,https://backend.academy.cs.cmu.edu/a/user/56160/files/3417474/1,
2663325,1893,56160,2020-08-26 18:14:31.686159+00:00,2020-08-26 18:22:36.628203+00:00,5.0,37.0,https://backend.academy.cs.cmu.edu/a/user/56160/files/3417159/1,
2832913,1952,56175,2020-09-10 18:34:09.857390+00:00,2020-09-14 18:39:13.879458+00:00,1.0,0.0,https://backend.academy.cs.cmu.edu/a/user/56175/files/3588606/1,
2676997,1924,56306,2020-08-28 01:58:15.469962+00:00,2020-08-28 04:01:28.839647+00:00,9.0,53.0,https://backend.academy.cs.cmu.edu/a/user/56306/files/3431015/1,
2783357,1928,56306,2020-09-08 16:48:52.100623+00:00,2020-09-08 16:53:46.881442+00:00,2.0,31.0,https://backend.academy.cs.cmu.edu/a/user/56306/files/3538487/1,
3297987,1984,56344,2020-10-07 13:42:05.702069+00:00,2020-10-12 13:50:37.939264+00:00,13.0,84.0,https://backend.academy.cs.cmu.edu/a/user/56344/files/4059550/1,
3297245,1986,56344,2020-10-07 13:23:22.245427+00:00,2020-10-07 13:25:34.357324+00:00,2.0,126.0,https://backend.academy.cs.cmu.edu/a/user/56344/files/4058807/1,
3533075,2000,56344,2020-10-22 13:40:10.515851+00:00,2020-10-22 13:43:56.791898+00:00,1.0,17.0,https://backend.academy.cs.cmu.edu/a/user/56344/files/4299844/1,
3740166,1986,56345,2020-11-05 14:23:28.213319+00:00,2020-11-05 14:37:07.199439+00:00,1.0,113.0,https://backend.academy.cs.cmu.edu/a/user/56345/files/4511486/1,
5245713,2063,56345,2021-03-08 14:33:16.921261+00:00,2021-03-08 14:34:36.486652+00:00,1.0,81.0,https://backend.academy.cs.cmu.edu/a/user/56345/files/6158802/1,
3762588,1917,56351,2020-11-06 15:24:47.580727+00:00,2020-11-06 15:27:47.347660+00:00,1.0,179.0,https://backend.academy.cs.cmu.edu/a/user/56351/files/4534465/1,
3920899,1933,56360,2020-11-17 14:37:45.748986+00:00,2020-11-17 14:38:45.763288+00:00,1.0,63.0,https://backend.academy.cs.cmu.edu/a/user/56360/files/4698983/1,
3558461,1977,57163,2020-10-23 15:06:04.200818+00:00,2020-10-23 15:11:32.650576+00:00,2.0,1.0,https://backend.academy.cs.cmu.edu/a/user/57163/files/4325862/1,
3622196,1975,57273,2020-10-28 12:04:03.524808+00:00,2020-10-28 12:15:54.667972+00:00,9.0,4.0,https://backend.academy.cs.cmu.edu/a/user/57273/files/4390970/1,
3328225,2001,57571,2020-10-08 17:03:11.882837+00:00,2020-10-08 17:13:39.373267+00:00,1.0,21.0,https://backend.academy.cs.cmu.edu/a/user/57571/files/4090349/1,
3621408,2019,57605,2020-10-28 07:25:19.867365+00:00,2020-10-28 07:27:39.105871+00:00,1.0,6.0,https://backend.academy.cs.cmu.edu/a/user/57605/files/4390179/1,
3572736,1991,57792,2020-10-25 20:30:41.897922+00:00,2020-11-03 14:23:50.956264+00:00,3.0,25.0,https://backend.academy.cs.cmu.edu/a/user/57792/files/4340421/1,
3199658,2073,58219,2020-10-01 13:09:12.684748+00:00,2020-10-01 13:17:00.485991+00:00,1.0,16.0,https://backend.academy.cs.cmu.edu/a/user/58219/files/3959519/1,
3695567,2182,58222,2020-11-02 17:07:14.153645+00:00,2020-11-02 17:15:57.531113+00:00,1.0,365.0,https://backend.academy.cs.cmu.edu/a/user/58222/files/4465438/1,
3737285,2182,58229,2020-11-05 12:58:43.485449+00:00,2020-11-05 13:00:58.205540+00:00,1.0,146.0,https://backend.academy.cs.cmu.edu/a/user/58229/files/4508520/1,
3610862,2076,58601,2020-10-27 17:02:36.720173+00:00,2020-10-27 17:07:51.880534+00:00,1.0,45.0,https://backend.academy.cs.cmu.edu/a/user/58601/files/4379494/1,
3428931,2015,58608,2020-10-15 16:33:56.419206+00:00,2020-10-15 16:50:11.126582+00:00,1.0,21.0,https://backend.academy.cs.cmu.edu/a/user/58608/files/4193402/1,
3429714,2021,58608,2020-10-15 16:56:13.451834+00:00,2020-10-23 15:51:52.155090+00:00,1.0,12.0,https://backend.academy.cs.cmu.edu/a/user/58608/files/4194222/1,
3560173,2022,58608,2020-10-23 15:51:55.455671+00:00,2020-10-27 16:22:41.993949+00:00,7.0,19.0,https://backend.academy.cs.cmu.edu/a/user/58608/files/4327691/1,
3630478,1971,58728,2020-10-28 16:34:31.598377+00:00,2020-10-28 16:36:57.938586+00:00,1.0,2.0,https://backend.academy.cs.cmu.edu/a/user/58728/files/4399451/1,
3630809,1969,58728,2020-10-28 16:45:51.616126+00:00,2020-10-29 16:48:08.431560+00:00,1.0,101.0,https://backend.academy.cs.cmu.edu/a/user/58728/files/4399790/1,
3767176,1986,58728,2020-11-06 17:53:42.360126+00:00,2020-11-06 17:55:16.070473+00:00,2.0,160.0,https://backend.academy.cs.cmu.edu/a/user/58728/files/4539215/1,
3877949,1989,58728,2020-11-13 17:42:14.928602+00:00,2020-11-13 17:47:42.852954+00:00,1.0,188.0,https://backend.academy.cs.cmu.edu/a/user/58728/files/4653436/1,
3455719,1978,59080,2020-10-16 22:04:15.892036+00:00,2020-10-20 22:07:52.657461+00:00,1.0,4.0,https://backend.academy.cs.cmu.edu/a/user/59080/files/4221032/1,
4058216,1976,59524,2020-11-30 03:00:27.658011+00:00,2020-11-30 03:02:47.750089+00:00,1.0,142.0,https://backend.academy.cs.cmu.edu/a/user/59524/files/4840863/1,
4258020,1976,59535,2020-12-12 08:02:47.915333+00:00,2020-12-12 08:06:41.594217+00:00,1.0,88.0,https://backend.academy.cs.cmu.edu/a/user/59535/files/5048150/1,
3361374,2002,59562,2020-10-12 03:33:04.172729+00:00,2020-10-12 03:52:30.526798+00:00,1.0,24.0,https://backend.academy.cs.cmu.edu/a/user/59562/files/4124255/1,
2727462,1925,59760,2020-09-02 22:29:43.660394+00:00,2020-09-03 17:47:43.311881+00:00,2.0,28.0,https://backend.academy.cs.cmu.edu/a/user/59760/files/3482033/1,
2843234,1946,60417,2020-09-11 13:14:39.984210+00:00,2020-09-15 19:36:01.043399+00:00,2.0,3.0,https://backend.academy.cs.cmu.edu/a/user/60417/files/3598995/1,
2775503,1908,60436,2020-09-08 13:54:24.109804+00:00,2020-09-08 13:58:20.106299+00:00,1.0,14.0,https://backend.academy.cs.cmu.edu/a/user/60436/files/3530505/1,
3030512,1929,60436,2020-09-22 04:30:47.331200+00:00,2020-09-22 04:40:36.317784+00:00,1.0,2.0,https://backend.academy.cs.cmu.edu/a/user/60436/files/3788292/1,
3111636,1934,60436,2020-09-25 15:30:21.656148+00:00,2020-09-25 15:32:28.679634+00:00,1.0,14.0,https://backend.academy.cs.cmu.edu/a/user/60436/files/3870321/1,
5826444,2182,60591,2021-04-26 18:53:29.996995+00:00,2021-04-26 18:55:11.521693+00:00,1.0,104.0,https://backend.academy.cs.cmu.edu/a/user/60591/files/6767079/1,
2723090,1945,60758,2020-09-02 17:11:08.101697+00:00,2020-09-02 17:25:38.036550+00:00,1.0,0.0,https://backend.academy.cs.cmu.edu/a/user/60758/files/3477641/1,
3064717,1979,60758,2020-09-23 16:18:51.179390+00:00,2020-09-23 16:25:08.734125+00:00,1.0,4.0,https://backend.academy.cs.cmu.edu/a/user/60758/files/3822852/1,
2735818,1923,60777,2020-09-03 16:14:40.612556+00:00,2020-09-04 19:08:14.036138+00:00,17.0,13.0,https://backend.academy.cs.cmu.edu/a/user/60777/files/3490474/1,
3428453,2039,60777,2020-10-15 16:21:56.553533+00:00,2020-10-15 16:27:37.918356+00:00,3.0,30.0,https://backend.academy.cs.cmu.edu/a/user/60777/files/4192922/1,
4790058,2063,60777,2021-02-02 17:12:27.629988+00:00,2021-02-02 17:14:41.178581+00:00,1.0,70.0,https://backend.academy.cs.cmu.edu/a/user/60777/files/5611044/1,
4110352,2061,60828,2020-12-02 17:43:28.865881+00:00,2020-12-02 17:53:01.444663+00:00,1.0,311.0,https://backend.academy.cs.cmu.edu/a/user/60828/files/4894822/1,
3134570,1926,62400,2020-09-28 14:44:39.102646+00:00,2020-09-28 14:48:00.464370+00:00,1.0,28.0,https://backend.academy.cs.cmu.edu/a/user/62400/files/3893700/1,
3634730,1921,62499,2020-10-28 18:40:38.294334+00:00,2020-10-28 18:58:41.247349+00:00,1.0,19.0,https://backend.academy.cs.cmu.edu/a/user/62499/files/4403854/1,
3635171,1926,62499,2020-10-28 19:01:05.124847+00:00,2020-10-30 18:33:00.460294+00:00,1.0,52.0,https://backend.academy.cs.cmu.edu/a/user/62499/files/4404307/1,
3548190,1926,62507,2020-10-22 20:46:28.214976+00:00,2020-10-22 20:52:52.873977+00:00,3.0,0.0,https://backend.academy.cs.cmu.edu/a/user/62507/files/4315215/1,
4274959,2095,62942,2020-12-14 19:08:47.631175+00:00,2020-12-14 19:15:04.835469+00:00,1.0,292.0,https://backend.academy.cs.cmu.edu/a/user/62942/files/5065818/1,
4814154,2022,62989,2021-02-03 19:05:39.941799+00:00,2021-02-03 19:08:34.821980+00:00,1.0,177.0,https://backend.academy.cs.cmu.edu/a/user/62989/files/5636998/1,
3622978,1979,63106,2020-10-28 12:40:37.176544+00:00,2020-10-28 12:52:11.670726+00:00,4.0,4.0,https://backend.academy.cs.cmu.edu/a/user/63106/files/4391768/1,
3247974,1926,63475,2020-10-05 12:25:01.343356+00:00,2020-10-05 14:40:22.389359+00:00,1.0,35.0,https://backend.academy.cs.cmu.edu/a/user/63475/files/4008750/1,
3028349,1931,63606,2020-09-21 23:28:50.649064+00:00,2020-09-21 23:54:34.376943+00:00,1.0,6.0,https://backend.academy.cs.cmu.edu/a/user/63606/files/3786115/1,
4080035,1934,63655,2020-12-01 13:42:20.847658+00:00,2020-12-01 13:45:50.447219+00:00,2.0,212.0,https://backend.academy.cs.cmu.edu/a/user/63655/files/4863303/1,
2791330,1931,63706,2020-09-09 02:24:48.587214+00:00,2020-12-23 18:25:17.842792+00:00,6.0,231.0,https://backend.academy.cs.cmu.edu/a/user/63706/files/3546591/1,
4459620,1933,63715,2021-01-11 15:03:02.076638+00:00,2021-01-11 15:05:55.746060+00:00,1.0,94.0,https://backend.academy.cs.cmu.edu/a/user/63715/files/5261304/1,
3214626,1976,63963,2020-10-01 18:48:58.162741+00:00,2020-10-05 18:44:04.761445+00:00,8.0,23.0,https://backend.academy.cs.cmu.edu/a/user/63963/files/3974919/1,
3700663,2020,63963,2020-11-02 19:42:52.118580+00:00,2020-11-04 19:52:53.756958+00:00,1.0,135.0,https://backend.academy.cs.cmu.edu/a/user/63963/files/4470642/1,
4205842,1968,64289,2020-12-09 01:47:43.021409+00:00,2020-12-09 01:50:21.054766+00:00,2.0,159.0,https://backend.academy.cs.cmu.edu/a/user/64289/files/4993387/1,
2716773,1893,64855,2020-09-02 12:14:50.278776+00:00,2020-09-02 12:19:05.585458+00:00,4.0,6.0,https://backend.academy.cs.cmu.edu/a/user/64855/files/3471216/1,
2973917,1951,64855,2020-09-18 11:30:06.932581+00:00,2020-09-18 12:05:12.391680+00:00,4.0,9.0,https://backend.academy.cs.cmu.edu/a/user/64855/files/3731233/1,
3293950,2003,64855,2020-10-07 11:39:42.315197+00:00,2020-10-07 12:05:06.012864+00:00,2.0,4.0,https://backend.academy.cs.cmu.edu/a/user/64855/files/4055494/1,
2926202,1908,64877,2020-09-16 12:18:12.095289+00:00,2020-09-16 12:27:05.941321+00:00,1.0,30.0,https://backend.academy.cs.cmu.edu/a/user/64877/files/3682750/1,
4479010,2022,64910,2021-01-12 13:35:25.529715+00:00,2021-01-12 13:36:33.580459+00:00,1.0,70.0,https://backend.academy.cs.cmu.edu/a/user/64910/files/5281306/1,
3379773,1965,65015,2020-10-13 13:47:18.856707+00:00,2020-10-13 14:30:41.509509+00:00,2.0,12.0,https://backend.academy.cs.cmu.edu/a/user/65015/files/4143269/1,
3646985,2034,66063,2020-10-29 14:58:31.429466+00:00,2020-10-29 15:16:11.409521+00:00,6.0,10.0,https://backend.academy.cs.cmu.edu/a/user/66063/files/4416374/1,
3598263,1966,66130,2020-10-27 12:03:23.315703+00:00,2020-10-27 12:19:11.882078+00:00,3.0,33.0,https://backend.academy.cs.cmu.edu/a/user/66130/files/4366504/1,
3576530,1967,66130,2020-10-26 12:10:11.757667+00:00,2020-10-26 12:22:04.414150+00:00,2.0,50.0,https://backend.academy.cs.cmu.edu/a/user/66130/files/4344267/1,
3576796,1968,66130,2020-10-26 12:22:05.826081+00:00,2020-10-26 12:30:36.056307+00:00,1.0,16.0,https://backend.academy.cs.cmu.edu/a/user/66130/files/4344535/1,
3140819,1922,66764,2020-09-28 17:42:28.974402+00:00,2020-09-28 18:07:15.372027+00:00,1.0,5.0,https://backend.academy.cs.cmu.edu/a/user/66764/files/3900026/1,
3212304,1928,66765,2020-10-01 17:51:08.231190+00:00,2020-10-01 17:57:29.134553+00:00,3.0,10.0,https://backend.academy.cs.cmu.edu/a/user/66765/files/3972573/1,
3988178,1933,67032,2020-11-20 02:44:40.331684+00:00,2020-11-20 02:45:50.199144+00:00,1.0,65.0,https://backend.academy.cs.cmu.edu/a/user/67032/files/4768288/1,
3483393,1965,67626,2020-10-20 02:04:36.941579+00:00,2020-10-21 03:11:40.082830+00:00,6.0,13.0,https://backend.academy.cs.cmu.edu/a/user/67626/files/4249204/1,
3555992,1974,67626,2020-10-23 14:02:58.450165+00:00,2020-10-26 16:10:39.901981+00:00,2.0,11.0,https://backend.academy.cs.cmu.edu/a/user/67626/files/4323269/1,
3659079,1986,67645,2020-10-29 22:52:24.248875+00:00,2020-10-29 22:54:48.517599+00:00,1.0,146.0,https://backend.academy.cs.cmu.edu/a/user/67645/files/4428318/1,
3610539,1967,67690,2020-10-27 16:54:31.984371+00:00,2020-11-06 18:01:23.123191+00:00,3.0,644.0,https://backend.academy.cs.cmu.edu/a/user/67690/files/4379171/1,
3648555,1986,67912,2020-10-29 15:41:53.733534+00:00,2020-10-29 15:43:27.934760+00:00,3.0,23.0,https://backend.academy.cs.cmu.edu/a/user/67912/files/4417969/1,
3246561,2004,70035,2020-10-05 04:16:55.649503+00:00,2020-10-05 04:23:19.744502+00:00,1.0,16.0,https://backend.academy.cs.cmu.edu/a/user/70035/files/4007327/1,
4361584,1992,70098,2021-01-03 18:21:47.692371+00:00,2021-01-03 18:54:18.111548+00:00,1.0,401.0,https://backend.academy.cs.cmu.edu/a/user/70098/files/5157063/1,
3318282,1934,70107,2020-10-08 13:31:47.654935+00:00,2020-10-08 13:33:42.718633+00:00,2.0,6.0,https://backend.academy.cs.cmu.edu/a/user/70107/files/4080157/1,
3489716,1986,70278,2020-10-20 13:51:47.779515+00:00,2020-10-20 13:54:18.441456+00:00,1.0,5.0,https://backend.academy.cs.cmu.edu/a/user/70278/files/4255591/1,
3201458,1992,70314,2020-10-01 13:40:49.669562+00:00,2020-10-01 13:44:19.256767+00:00,1.0,0.0,https://backend.academy.cs.cmu.edu/a/user/70314/files/3961335/1,
3607300,2036,70454,2020-10-27 15:37:26.699750+00:00,2020-10-27 15:41:00.092736+00:00,1.0,5.0,https://backend.academy.cs.cmu.edu/a/user/70454/files/4375845/1,
4188792,2038,70494,2020-12-08 14:06:35.139053+00:00,2020-12-08 14:07:28.556441+00:00,1.0,43.0,https://backend.academy.cs.cmu.edu/a/user/70494/files/4975668/1,
3469462,2001,70603,2020-10-19 15:01:55.434066+00:00,2020-10-19 15:14:49.011340+00:00,1.0,26.0,https://backend.academy.cs.cmu.edu/a/user/70603/files/4234974/1,
3582520,2016,70603,2020-10-26 14:55:43.568472+00:00,2020-10-27 15:01:46.364447+00:00,3.0,54.0,https://backend.academy.cs.cmu.edu/a/user/70603/files/4350413/1,
3615046,2072,70973,2020-10-27 18:46:15.802992+00:00,2020-10-30 18:20:25.755777+00:00,1.0,100.0,https://backend.academy.cs.cmu.edu/a/user/70973/files/4383741/1,
3590789,2022,71029,2020-10-26 18:22:38.180842+00:00,2020-10-26 18:29:37.579550+00:00,1.0,11.0,https://backend.academy.cs.cmu.edu/a/user/71029/files/4358947/1,
3393442,2017,71186,2020-10-13 19:14:57.040954+00:00,2020-10-14 20:25:32.840596+00:00,4.0,9.0,https://backend.academy.cs.cmu.edu/a/user/71186/files/4157074/1,
3593625,2038,71186,2020-10-26 20:43:59.145712+00:00,2020-10-26 20:52:52.155035+00:00,1.0,8.0,https://backend.academy.cs.cmu.edu/a/user/71186/files/4361816/1,
3593787,2042,71186,2020-10-26 20:56:36.908781+00:00,2020-10-26 21:19:10.465139+00:00,1.0,1.0,https://backend.academy.cs.cmu.edu/a/user/71186/files/4361979/1,
3702878,2070,71186,2020-11-02 22:11:22.297275+00:00,2020-11-02 22:21:34.964258+00:00,1.0,64.0,https://backend.academy.cs.cmu.edu/a/user/71186/files/4472894/1,
3121201,1977,71193,2020-09-25 21:24:06.209271+00:00,2020-09-28 21:49:15.127946+00:00,3.0,6.0,https://backend.academy.cs.cmu.edu/a/user/71193/files/3880065/1,
3239266,2003,71193,2020-10-02 21:05:03.594915+00:00,2020-10-06 21:32:23.350645+00:00,1.0,73.0,https://backend.academy.cs.cmu.edu/a/user/71193/files/3999931/1,
3702985,2070,71193,2020-11-02 22:17:58.434014+00:00,2020-11-02 22:21:25.696264+00:00,1.0,208.0,https://backend.academy.cs.cmu.edu/a/user/71193/files/4473003/1,
3868710,1975,72063,2020-11-13 13:55:01.856114+00:00,2020-11-13 13:58:02.950303+00:00,2.0,183.0,https://backend.academy.cs.cmu.edu/a/user/72063/files/4643924/1,
2996305,1933,72374,2020-09-19 03:25:56.191959+00:00,2020-09-19 03:27:37.043263+00:00,1.0,4.0,https://backend.academy.cs.cmu.edu/a/user/72374/files/3753819/1,
3249956,2057,72374,2020-10-05 13:17:49.765773+00:00,2020-10-05 13:47:07.793553+00:00,2.0,17.0,https://backend.academy.cs.cmu.edu/a/user/72374/files/4010754/1,
3008046,1903,72625,2020-09-21 13:20:02.531180+00:00,2020-09-22 17:02:02.871234+00:00,3.0,0.0,https://backend.academy.cs.cmu.edu/a/user/72625/files/3765643/1,
3442717,2024,72699,2020-10-16 13:21:56.584953+00:00,2020-10-16 13:42:22.593528+00:00,3.0,116.0,https://backend.academy.cs.cmu.edu/a/user/72699/files/4207607/1,
4230903,1988,72881,2020-12-10 15:19:09.314108+00:00,2020-12-14 15:23:34.404028+00:00,1.0,145.0,https://backend.academy.cs.cmu.edu/a/user/72881/files/5019792/1,
3344278,1924,72888,2020-10-09 14:56:02.818778+00:00,2020-10-09 15:03:42.863695+00:00,2.0,6.0,https://backend.academy.cs.cmu.edu/a/user/72888/files/4106728/1,
3901485,1981,72895,2020-11-16 16:09:13.177733+00:00,2020-11-16 16:11:18.686811+00:00,1.0,125.0,https://backend.academy.cs.cmu.edu/a/user/72895/files/4679099/1,
3074038,1917,72910,2020-09-23 22:57:22.614703+00:00,2020-09-23 22:58:09.026703+00:00,4.0,25.0,https://backend.academy.cs.cmu.edu/a/user/72910/files/3832286/1,
3074261,1924,72910,2020-09-23 23:31:58.574180+00:00,2020-09-24 00:20:29.493458+00:00,3.0,9.0,https://backend.academy.cs.cmu.edu/a/user/72910/files/3832510/1,
3144994,1948,73067,2020-09-28 20:44:53.718450+00:00,2020-09-29 14:08:51.640957+00:00,2.0,3.0,https://backend.academy.cs.cmu.edu/a/user/73067/files/3904257/1,
3255024,1987,73067,2020-10-05 14:59:07.433815+00:00,2020-10-05 15:05:20.302207+00:00,1.0,7.0,https://backend.academy.cs.cmu.edu/a/user/73067/files/4015871/1,
3131815,1914,73297,2020-09-28 13:20:21.103548+00:00,2020-09-28 13:28:40.618140+00:00,1.0,30.0,https://backend.academy.cs.cmu.edu/a/user/73297/files/3890928/1,
3522448,1987,73440,2020-10-21 18:27:55.883264+00:00,2020-10-21 18:45:16.379354+00:00,2.0,1.0,https://backend.academy.cs.cmu.edu/a/user/73440/files/4289106/1,
3565071,1989,73440,2020-10-23 18:24:06.992364+00:00,2020-10-23 18:27:20.354501+00:00,1.0,3.0,https://backend.academy.cs.cmu.edu/a/user/73440/files/4332639/1,
3565304,1993,73440,2020-10-23 18:33:33.512718+00:00,2020-10-23 18:48:54.051407+00:00,2.0,8.0,https://backend.academy.cs.cmu.edu/a/user/73440/files/4332904/1,
3565164,1992,73440,2020-10-23 18:27:31.117734+00:00,2020-10-23 18:33:31.474616+00:00,2.0,4.0,https://backend.academy.cs.cmu.edu/a/user/73440/files/4332732/1,
3627571,2001,73440,2020-10-28 14:58:34.778735+00:00,2020-10-28 17:58:17.444449+00:00,1.0,14.0,https://backend.academy.cs.cmu.edu/a/user/73440/files/4396491/1,
2855456,1898,73469,2020-09-11 18:00:38.043135+00:00,2020-09-11 18:01:29.402355+00:00,2.0,9.0,https://backend.academy.cs.cmu.edu/a/user/73469/files/3611320/1,
3419870,1911,73573,2020-10-15 13:17:58.313263+00:00,2020-10-19 13:06:36.040894+00:00,1.0,1.0,https://backend.academy.cs.cmu.edu/a/user/73573/files/4183893/1,
3379217,2003,74248,2020-10-13 13:34:13.449357+00:00,2020-10-13 15:24:41.775459+00:00,7.0,6.0,https://backend.academy.cs.cmu.edu/a/user/74248/files/4142703/1,
3583322,2015,74248,2020-10-26 15:14:56.936598+00:00,2020-10-26 15:40:37.959928+00:00,1.0,5.0,https://backend.academy.cs.cmu.edu/a/user/74248/files/4351224/1,
3648110,2032,74248,2020-10-29 15:30:20.924611+00:00,2020-10-29 15:39:17.677151+00:00,4.0,3.0,https://backend.academy.cs.cmu.edu/a/user/74248/files/4417507/1,
5955136,1933,74642,2021-05-04 15:30:37.149055+00:00,2021-05-04 15:31:21.777976+00:00,1.0,45.0,https://backend.academy.cs.cmu.edu/a/user/74642/files/6899441/1,
3829530,1976,75707,2020-11-11 15:20:13.491131+00:00,2020-11-11 15:23:31.242956+00:00,2.0,102.0,https://backend.academy.cs.cmu.edu/a/user/75707/files/4603830/1,
3829409,1975,75707,2020-11-11 15:16:26.041578+00:00,2020-11-11 15:20:07.989157+00:00,2.0,67.0,https://backend.academy.cs.cmu.edu/a/user/75707/files/4603707/1,
3703051,2071,76636,2020-11-02 22:22:46.216417+00:00,2020-11-02 22:28:01.899351+00:00,1.0,340.0,https://backend.academy.cs.cmu.edu/a/user/76636/files/4473071/1,
3773205,2072,76636,2020-11-06 22:30:15.409995+00:00,2020-11-06 22:33:45.486264+00:00,1.0,255.0,https://backend.academy.cs.cmu.edu/a/user/76636/files/4545394/1,
3702976,2070,76636,2020-11-02 22:17:34.461013+00:00,2020-11-02 22:21:55.788164+00:00,2.0,301.0,https://backend.academy.cs.cmu.edu/a/user/76636/files/4472994/1,
3924356,1933,77326,2020-11-17 15:41:16.270158+00:00,2020-11-17 15:42:33.672112+00:00,1.0,78.0,https://backend.academy.cs.cmu.edu/a/user/77326/files/4702489/1,
3539166,1917,77490,2020-10-22 15:57:13.478717+00:00,2020-10-22 16:10:28.313254+00:00,1.0,30.0,https://backend.academy.cs.cmu.edu/a/user/77490/files/4306036/1,
3638588,2004,77578,2020-10-29 00:49:27.783376+00:00,2020-10-29 17:29:13.164342+00:00,1.0,0.0,https://backend.academy.cs.cmu.edu/a/user/77578/files/4407789/1,
3785105,2182,78002,2020-11-09 15:03:15.146442+00:00,2020-11-09 15:10:08.249675+00:00,1.0,194.0,https://backend.academy.cs.cmu.edu/a/user/78002/files/4557643/1,
3034887,1909,78184,2020-09-22 13:20:00.580199+00:00,2020-09-22 13:26:19.605184+00:00,3.0,35.0,https://backend.academy.cs.cmu.edu/a/user/78184/files/3792691/1,
3316845,1933,78190,2020-10-08 13:04:29.692340+00:00,2020-10-08 13:07:13.223038+00:00,1.0,61.0,https://backend.academy.cs.cmu.edu/a/user/78190/files/4078712/1,
3345840,1922,78517,2020-10-09 15:37:15.477525+00:00,2020-10-09 15:59:47.333409+00:00,2.0,34.0,https://backend.academy.cs.cmu.edu/a/user/78517/files/4108417/1,
3366960,1937,78517,2020-10-12 15:47:17.925019+00:00,2020-10-18 17:27:31.308854+00:00,3.0,10.0,https://backend.academy.cs.cmu.edu/a/user/78517/files/4129916/1,
3426945,1939,78517,2020-10-15 15:45:44.872789+00:00,2020-10-18 18:17:25.523263+00:00,2.0,3.0,https://backend.academy.cs.cmu.edu/a/user/78517/files/4191399/1,
3519896,1917,78765,2020-10-21 17:18:03.177061+00:00,2020-10-21 17:48:58.492846+00:00,2.0,14.0,https://backend.academy.cs.cmu.edu/a/user/78765/files/4286538/1,
3043897,1902,78880,2020-09-22 16:59:19.796299+00:00,2020-09-22 17:01:03.705551+00:00,2.0,5.0,https://backend.academy.cs.cmu.edu/a/user/78880/files/3801815/1,
2945624,1911,78905,2020-09-16 22:07:38.151039+00:00,2020-09-16 22:14:47.193595+00:00,3.0,2.0,https://backend.academy.cs.cmu.edu/a/user/78905/files/3702362/1,
4425734,2164,78905,2021-01-07 18:34:42.500302+00:00,2021-01-07 18:35:39.922260+00:00,1.0,58.0,https://backend.academy.cs.cmu.edu/a/user/78905/files/5224605/1,
3553594,1929,80622,2020-10-23 12:55:40.251453+00:00,2020-10-26 13:51:58.290100+00:00,1.0,17.0,https://backend.academy.cs.cmu.edu/a/user/80622/files/4320822/1,
3633025,2024,80884,2020-10-28 17:47:12.004713+00:00,2020-10-28 17:50:51.797232+00:00,1.0,6.0,https://backend.academy.cs.cmu.edu/a/user/80884/files/4402073/1,
3261531,1921,82004,2020-10-05 17:45:11.721748+00:00,2020-10-09 15:13:28.016894+00:00,13.0,0.0,https://backend.academy.cs.cmu.edu/a/user/82004/files/4022465/1,
3515398,2110,82232,2020-10-21 15:16:05.716260+00:00,2020-10-22 13:24:34.187452+00:00,3.0,3.0,https://backend.academy.cs.cmu.edu/a/user/82232/files/4281931/1,
3626381,2144,82235,2020-10-28 14:18:13.845040+00:00,2020-10-28 15:22:09.659457+00:00,1.0,3.0,https://backend.academy.cs.cmu.edu/a/user/82235/files/4395259/1,
3789106,1926,82248,2020-11-09 16:49:27.976529+00:00,2020-11-09 16:53:54.800764+00:00,1.0,180.0,https://backend.academy.cs.cmu.edu/a/user/82248/files/4561860/1,
3627765,1922,84905,2020-10-28 15:06:10.203586+00:00,2021-02-09 15:12:54.176242+00:00,3.0,57.0,https://backend.academy.cs.cmu.edu/a/user/84905/files/4396686/1,
3565511,1972,85175,2020-10-23 18:42:03.613232+00:00,2020-10-23 18:48:07.033666+00:00,4.0,7.0,https://backend.academy.cs.cmu.edu/a/user/85175/files/4333114/1,
3797807,1917,86492,2020-11-10 00:56:56.314374+00:00,2020-11-10 00:57:46.842559+00:00,1.0,52.0,https://backend.academy.cs.cmu.edu/a/user/86492/files/4570979/1,
3195047,1911,86850,2020-10-01 01:24:49.235626+00:00,2020-10-01 01:41:41.043840+00:00,5.0,12.0,https://backend.academy.cs.cmu.edu/a/user/86850/files/3954877/1,
3281177,1930,86850,2020-10-06 16:17:22.645556+00:00,2020-10-06 16:29:41.337135+00:00,2.0,2.0,https://backend.academy.cs.cmu.edu/a/user/86850/files/4042427/1,
3679521,1898,87469,2020-10-31 00:56:10.101186+00:00,2020-10-31 00:56:28.235580+00:00,1.0,19.0,https://backend.academy.cs.cmu.edu/a/user/87469/files/4448996/1,
3149599,1895,89675,2020-09-29 12:08:43.597281+00:00,2020-10-19 12:02:26.696073+00:00,1.0,5.0,https://backend.academy.cs.cmu.edu/a/user/89675/files/3908916/1,
6027096,1905,89858,2021-05-10 14:45:39.721955+00:00,2021-05-10 14:50:33.732016+00:00,1.0,144.0,https://backend.academy.cs.cmu.edu/a/user/89858/files/6974760/1,
3465904,1917,90114,2020-10-19 13:25:06.877251+00:00,2020-10-19 13:32:29.292719+00:00,2.0,4.0,https://backend.academy.cs.cmu.edu/a/user/90114/files/4231362/1,
3185768,1893,90537,2020-09-30 16:39:01.066280+00:00,2020-09-30 16:43:19.466427+00:00,1.0,10.0,https://backend.academy.cs.cmu.edu/a/user/90537/files/3945481/1,
3528881,1930,91495,2020-10-22 11:42:14.699095+00:00,2020-10-22 11:50:02.659315+00:00,3.0,2.0,https://backend.academy.cs.cmu.edu/a/user/91495/files/4295594/1,
3529133,1935,91495,2020-10-22 12:01:01.710872+00:00,2020-10-22 12:12:38.147546+00:00,3.0,6.0,https://backend.academy.cs.cmu.edu/a/user/91495/files/4295848/1,
3551875,1937,91495,2020-10-23 11:31:22.809653+00:00,2020-10-23 12:03:01.359953+00:00,4.0,7.0,https://backend.academy.cs.cmu.edu/a/user/91495/files/4318974/1,
3689250,1981,92265,2020-11-02 14:27:36.689010+00:00,2020-11-02 14:28:52.609042+00:00,1.0,80.0,https://backend.academy.cs.cmu.edu/a/user/92265/files/4459060/1,
3719111,1986,92270,2020-11-04 12:15:01.348341+00:00,2020-11-04 12:15:52.415188+00:00,1.0,52.0,https://backend.academy.cs.cmu.edu/a/user/92270/files/4489924/1,
5146842,1892,92669,2021-03-01 11:54:40.858297+00:00,2021-03-01 11:55:00.825986+00:00,1.0,21.0,https://backend.academy.cs.cmu.edu/a/user/92669/files/6054238/1,
3529167,1925,92674,2020-10-22 12:04:07.874447+00:00,2020-10-22 12:15:45.722085+00:00,1.0,28.0,https://backend.academy.cs.cmu.edu/a/user/92674/files/4295882/1,
3608172,1923,92678,2020-10-27 15:58:59.094475+00:00,2020-10-27 16:11:54.929665+00:00,2.0,17.0,https://backend.academy.cs.cmu.edu/a/user/92678/files/4376753/1,
4043219,1934,92688,2020-11-25 11:43:03.788109+00:00,2020-11-25 11:43:58.770524+00:00,2.0,61.0,https://backend.academy.cs.cmu.edu/a/user/92688/files/4825514/1,
4190408,1981,92692,2020-12-08 14:41:03.225988+00:00,2020-12-08 14:42:02.264070+00:00,1.0,60.0,https://backend.academy.cs.cmu.edu/a/user/92692/files/4977317/1,
3657420,1902,93250,2020-10-29 20:36:11.615254+00:00,2020-10-29 20:39:28.338410+00:00,2.0,200.0,https://backend.academy.cs.cmu.edu/a/user/93250/files/4426656/1,
3583002,1926,93252,2020-10-26 15:07:13.108407+00:00,2020-11-03 15:50:39.143820+00:00,1.0,70.0,https://backend.academy.cs.cmu.edu/a/user/93252/files/4350900/1,
3743990,1898,93960,2020-11-05 15:47:31.031238+00:00,2020-11-05 15:48:11.749436+00:00,2.0,34.0,https://backend.academy.cs.cmu.edu/a/user/93960/files/4515408/1,
3675830,1902,94023,2020-10-30 18:32:59.812300+00:00,2020-10-30 18:33:36.716694+00:00,1.0,39.0,https://backend.academy.cs.cmu.edu/a/user/94023/files/4445270/1,
3693146,1971,95606,2020-11-02 16:05:28.424089+00:00,2020-11-02 16:08:44.113051+00:00,1.0,200.0,https://backend.academy.cs.cmu.edu/a/user/95606/files/4463009/1,
3649943,1914,97438,2020-10-29 16:20:11.410692+00:00,2020-10-29 16:26:02.278574+00:00,2.0,10.0,https://backend.academy.cs.cmu.edu/a/user/97438/files/4419383/1,
3650145,1915,97438,2020-10-29 16:26:03.821602+00:00,2020-10-29 16:30:32.211675+00:00,2.0,6.0,https://backend.academy.cs.cmu.edu/a/user/97438/files/4419587/1,
3730114,1976,99859,2020-11-04 18:49:34.377696+00:00,2020-11-04 18:51:20.322571+00:00,1.0,110.0,https://backend.academy.cs.cmu.edu/a/user/99859/files/4501238/1,
3729791,1975,99859,2020-11-04 18:40:38.861996+00:00,2020-11-04 18:48:06.748023+00:00,2.0,98.0,https://backend.academy.cs.cmu.edu/a/user/99859/files/4500908/1,
3635764,1939,101063,2020-10-28 19:32:14.867443+00:00,2020-10-28 19:44:43.032375+00:00,1.0,42.0,https://backend.academy.cs.cmu.edu/a/user/101063/files/4404910/1,
3683655,1933,102027,2020-11-01 22:02:11.699765+00:00,2020-11-01 22:04:52.505731+00:00,1.0,108.0,https://backend.academy.cs.cmu.edu/a/user/102027/files/4453199/1,
3655401,1935,102841,2020-10-29 19:02:11.330750+00:00,2020-10-29 19:22:46.908074+00:00,6.0,111.0,https://backend.academy.cs.cmu.edu/a/user/102841/files/4424944/1,
3671133,1890,104665,2020-10-30 16:19:48.678868+00:00,2020-10-30 16:25:14.573412+00:00,1.0,329.0,https://backend.academy.cs.cmu.edu/a/user/104665/files/4440444/1,
3974057,1892,104850,2020-11-19 15:56:49.305511+00:00,2020-11-19 15:57:29.515945+00:00,1.0,30.0,https://backend.academy.cs.cmu.edu/a/user/104850/files/4753632/1,
4018461,1892,104857,2020-11-23 15:40:23.071006+00:00,2020-11-23 15:41:04.416840+00:00,1.0,42.0,https://backend.academy.cs.cmu.edu/a/user/104857/files/4800023/1,
3975625,1893,106831,2020-11-19 16:32:49.517547+00:00,2020-11-19 16:40:13.005151+00:00,1.0,498.0,https://backend.academy.cs.cmu.edu/a/user/106831/files/4755329/1,
3783607,1890,108544,2020-11-09 14:22:23.343188+00:00,2020-11-09 14:22:45.436523+00:00,1.0,23.0,https://backend.academy.cs.cmu.edu/a/user/108544/files/4556049/1,
3832226,1892,110784,2020-11-11 16:47:58.643114+00:00,2020-11-11 16:48:19.091603+00:00,1.0,21.0,https://backend.academy.cs.cmu.edu/a/user/110784/files/4606557/1,
3829155,1892,110806,2020-11-11 15:09:32.194836+00:00,2020-11-11 15:09:55.929985+00:00,1.0,26.0,https://backend.academy.cs.cmu.edu/a/user/110806/files/4603397/1,
3871246,1892,110809,2020-11-13 14:54:34.399589+00:00,2020-11-13 14:54:45.346156+00:00,1.0,12.0,https://backend.academy.cs.cmu.edu/a/user/110809/files/4646485/1,
3989900,1892,111206,2020-11-20 12:57:06.951415+00:00,2020-11-20 12:57:52.610945+00:00,1.0,47.0,https://backend.academy.cs.cmu.edu/a/user/111206/files/4770038/1,
3952485,1898,112725,2020-11-18 17:10:30.085680+00:00,2020-11-18 17:11:16.936151+00:00,1.0,48.0,https://backend.academy.cs.cmu.edu/a/user/112725/files/4731481/1,
4154430,1891,114616,2020-12-04 18:55:58.728123+00:00,2020-12-04 18:56:11.784016+00:00,1.0,14.0,https://backend.academy.cs.cmu.edu/a/user/114616/files/4940202/1,
4079426,1891,116523,2020-12-01 13:27:13.672751+00:00,2020-12-01 13:27:30.151613+00:00,1.0,18.0,https://backend.academy.cs.cmu.edu/a/user/116523/files/4862690/1,
5141329,1892,118609,2021-02-27 08:49:21.274879+00:00,2021-02-27 08:49:32.754767+00:00,1.0,12.0,https://backend.academy.cs.cmu.edu/a/user/118609/files/6048223/1,
4273302,1892,119090,2020-12-14 18:10:34.432757+00:00,2020-12-14 18:10:59.431853+00:00,1.0,26.0,https://backend.academy.cs.cmu.edu/a/user/119090/files/5064110/1,
4313955,1898,119090,2020-12-17 14:31:47.037788+00:00,2020-12-17 14:32:13.847780+00:00,1.0,28.0,https://backend.academy.cs.cmu.edu/a/user/119090/files/5107054/1,
4765618,1892,119884,2021-02-01 14:06:47.475858+00:00,2021-02-01 14:07:11.760807+00:00,1.0,26.0,https://backend.academy.cs.cmu.edu/a/user/119884/files/5584829/1,
8752255,2187,122006,2021-11-03 17:24:51.653650+00:00,2021-11-03 17:35:46.924150+00:00,1.0,282.0,https://backend.academy.cs.cmu.edu/a/user/122006/files/9850887/1,
4244082,1891,122187,2020-12-11 10:17:59.970969+00:00,2020-12-11 10:18:24.847608+00:00,1.0,25.0,https://backend.academy.cs.cmu.edu/a/user/122187/files/5033574/1,
8752582,2187,122370,2021-11-03 17:28:29.025395+00:00,2021-11-03 17:40:11.786284+00:00,1.0,616.0,https://backend.academy.cs.cmu.edu/a/user/122370/files/9851217/1,
4559085,1892,130938,2021-01-18 12:34:40.771226+00:00,2021-01-18 12:35:28.138666+00:00,1.0,39.0,https://backend.academy.cs.cmu.edu/a/user/130938/files/5365543/1,
5349412,1892,130955,2021-03-16 08:59:32.381989+00:00,2021-03-16 09:00:01.380147+00:00,1.0,30.0,https://backend.academy.cs.cmu.edu/a/user/130955/files/6267628/1,
4608796,1899,130982,2021-01-21 10:35:34.572386+00:00,2021-01-21 10:36:54.554033+00:00,1.0,81.0,https://backend.academy.cs.cmu.edu/a/user/130982/files/5417889/1,
4412692,1892,131025,2021-01-07 10:54:10.875641+00:00,2021-01-07 10:54:29.431964+00:00,1.0,19.0,https://backend.academy.cs.cmu.edu/a/user/131025/files/5210591/1,
4528604,1892,131388,2021-01-14 18:12:39.956385+00:00,2021-01-14 18:13:21.495706+00:00,1.0,49.0,https://backend.academy.cs.cmu.edu/a/user/131388/files/5333786/1,
5516564,1899,131875,2021-03-30 05:06:50.701870+00:00,2021-03-30 05:08:32.738831+00:00,1.0,103.0,https://backend.academy.cs.cmu.edu/a/user/131875/files/6442067/1,
4611965,1892,135571,2021-01-21 14:21:57.450822+00:00,2021-01-21 14:22:22.069649+00:00,1.0,25.0,https://backend.academy.cs.cmu.edu/a/user/135571/files/5421180/1,
5416315,1892,136097,2021-03-22 00:29:55.154842+00:00,2021-03-22 00:30:24.526600+00:00,1.0,30.0,https://backend.academy.cs.cmu.edu/a/user/136097/files/6337343/1,
4531474,1891,136101,2021-01-14 19:27:03.800499+00:00,2021-01-14 19:29:31.018413+00:00,1.0,92.0,https://backend.academy.cs.cmu.edu/a/user/136101/files/5336848/1,
4635181,1891,136428,2021-01-22 14:29:50.710768+00:00,2021-01-22 14:30:10.114344+00:00,1.0,20.0,https://backend.academy.cs.cmu.edu/a/user/136428/files/5445971/1,
4600918,1899,136995,2021-01-20 18:54:12.928365+00:00,2021-01-20 18:54:47.027848+00:00,1.0,34.0,https://backend.academy.cs.cmu.edu/a/user/136995/files/5409531/1,
11618531,1891,138901,2022-03-15 16:39:18.843979+00:00,2022-03-15 16:40:13.482504+00:00,1.0,56.0,https://backend.academy.cs.cmu.edu/a/user/138901/files/12872794/1,
4835605,1892,139827,2021-02-04 18:14:26.960147+00:00,2021-02-04 18:14:48.953477+00:00,1.0,22.0,https://backend.academy.cs.cmu.edu/a/user/139827/files/5659655/1,
4764249,1891,143623,2021-02-01 13:21:50.821498+00:00,2021-02-01 13:22:14.872738+00:00,1.0,25.0,https://backend.academy.cs.cmu.edu/a/user/143623/files/5583217/1,
4707125,1892,144042,2021-01-27 16:42:11.832693+00:00,2021-01-27 16:42:39.354366+00:00,1.0,24.0,https://backend.academy.cs.cmu.edu/a/user/144042/files/5522517/1,
4702075,1891,145107,2021-01-27 14:02:15.703027+00:00,2021-01-27 14:06:20.867413+00:00,1.0,202.0,https://backend.academy.cs.cmu.edu/a/user/145107/files/5517207/1,
5618623,2045,147155,2021-04-12 04:29:27.333764+00:00,2021-04-12 04:42:11.454266+00:00,2.0,450.0,https://backend.academy.cs.cmu.edu/a/user/147155/files/6551530/1,
5069444,2038,147200,2021-02-22 19:32:40.495997+00:00,2021-02-22 20:06:07.780871+00:00,1.0,149.0,https://backend.academy.cs.cmu.edu/a/user/147200/files/5971878/1,
4825118,1898,147383,2021-02-04 14:43:21.257219+00:00,2021-02-04 14:43:56.448322+00:00,1.0,31.0,https://backend.academy.cs.cmu.edu/a/user/147383/files/5648521/1,
4994212,1892,152048,2021-02-16 16:24:45.278809+00:00,2021-02-16 16:25:09.247312+00:00,1.0,25.0,https://backend.academy.cs.cmu.edu/a/user/152048/files/5892524/1,
4931147,1892,152287,2021-02-10 16:23:33.472188+00:00,2021-02-10 16:23:51.754742+00:00,1.0,19.0,https://backend.academy.cs.cmu.edu/a/user/152287/files/5760571/1,
4940657,1891,153329,2021-02-10 23:19:20.524138+00:00,2021-02-10 23:19:34.798945+00:00,1.0,15.0,https://backend.academy.cs.cmu.edu/a/user/153329/files/5770826/1,
4940781,1892,153339,2021-02-10 23:29:41.991043+00:00,2021-02-10 23:30:14.447711+00:00,1.0,31.0,https://backend.academy.cs.cmu.edu/a/user/153339/files/5770952/1,
5956347,1892,157346,2021-05-04 16:00:21.772030+00:00,2021-05-04 16:00:46.074591+00:00,1.0,25.0,https://backend.academy.cs.cmu.edu/a/user/157346/files/6900696/1,
6259500,1899,157346,2021-05-30 20:23:14.590927+00:00,2021-05-30 20:23:54.059360+00:00,1.0,41.0,https://backend.academy.cs.cmu.edu/a/user/157346/files/7217598/1,
5134451,1892,158624,2021-02-26 17:06:58.294187+00:00,2021-02-26 17:07:41.491439+00:00,1.0,44.0,https://backend.academy.cs.cmu.edu/a/user/158624/files/6040639/1,
5285715,1892,162274,2021-03-10 15:32:18.716996+00:00,2021-03-10 15:32:37.865280+00:00,1.0,20.0,https://backend.academy.cs.cmu.edu/a/user/162274/files/6200232/1,
5385980,1892,163201,2021-03-18 13:23:19.552515+00:00,2021-03-18 13:23:38.978461+00:00,2.0,22.0,https://backend.academy.cs.cmu.edu/a/user/163201/files/6305890/1,
5439657,1899,163201,2021-03-23 13:10:34.528649+00:00,2021-03-23 13:11:39.078730+00:00,1.0,66.0,https://backend.academy.cs.cmu.edu/a/user/163201/files/6361685/1,
5372453,1892,163245,2021-03-17 14:33:57.923087+00:00,2021-03-17 14:34:50.617041+00:00,1.0,54.0,https://backend.academy.cs.cmu.edu/a/user/163245/files/6291742/1,
5372408,1891,163245,2021-03-17 14:33:03.450306+00:00,2021-03-17 14:33:53.466418+00:00,1.0,51.0,https://backend.academy.cs.cmu.edu/a/user/163245/files/6291697/1,
5427670,1893,164838,2021-03-22 16:20:39.665016+00:00,2021-03-22 16:25:51.185797+00:00,1.0,124.0,https://backend.academy.cs.cmu.edu/a/user/164838/files/6349162/1,
5780867,1891,167806,2021-04-22 22:47:29.850841+00:00,2021-04-22 22:53:02.656512+00:00,2.0,136.0,https://backend.academy.cs.cmu.edu/a/user/167806/files/6720542/1,
6395297,1898,168497,2021-06-25 05:17:36.353905+00:00,2021-06-25 05:18:16.168602+00:00,1.0,42.0,https://backend.academy.cs.cmu.edu/a/user/168497/files/7364774/1,
9329783,1892,168506,2021-11-29 08:41:25.914900+00:00,2021-11-29 08:41:56.874399+00:00,2.0,62.0,https://backend.academy.cs.cmu.edu/a/user/168506/files/10446696/1,
9315063,1892,168513,2021-11-25 08:56:19.239376+00:00,2021-11-25 08:57:15.355291+00:00,2.0,57.0,https://backend.academy.cs.cmu.edu/a/user/168513/files/10431448/1,
9315062,1892,168522,2021-11-25 08:56:05.491107+00:00,2021-11-25 08:57:49.392925+00:00,1.0,99.0,https://backend.academy.cs.cmu.edu/a/user/168522/files/10431447/1,
5720326,1892,171984,2021-04-19 19:42:27.429706+00:00,2021-04-19 19:45:11.339598+00:00,1.0,165.0,https://backend.academy.cs.cmu.edu/a/user/171984/files/6658250/1,
5665328,1892,172840,2021-04-14 18:34:25.943273+00:00,2021-04-14 18:34:50.068302+00:00,1.0,25.0,https://backend.academy.cs.cmu.edu/a/user/172840/files/6600962/1,
5689868,1891,173472,2021-04-16 14:01:53.439273+00:00,2021-04-16 14:02:42.945235+00:00,1.0,55.0,https://backend.academy.cs.cmu.edu/a/user/173472/files/6626430/1,
6064019,1890,175848,2021-05-12 14:38:55.633206+00:00,2021-05-12 14:39:41.442987+00:00,1.0,43.0,https://backend.academy.cs.cmu.edu/a/user/175848/files/7013019/1,
5978847,2063,178249,2021-05-05 17:37:37.316881+00:00,2021-05-05 17:38:27.543226+00:00,1.0,51.0,https://backend.academy.cs.cmu.edu/a/user/178249/files/6923913/1,
6053107,2063,178252,2021-05-11 17:54:39.897685+00:00,2021-05-12 15:44:12.093613+00:00,1.0,328.0,https://backend.academy.cs.cmu.edu/a/user/178252/files/7001833/1,
5915253,1976,178253,2021-04-30 17:37:06.577216+00:00,2021-04-30 17:38:05.466764+00:00,2.0,68.0,https://backend.academy.cs.cmu.edu/a/user/178253/files/6858294/1,
6134802,1892,180545,2021-05-18 16:06:03.154353+00:00,2021-05-18 16:06:23.425948+00:00,1.0,21.0,https://backend.academy.cs.cmu.edu/a/user/180545/files/7087130/1,
6247397,1892,182294,2021-05-28 05:59:38.818037+00:00,2021-05-28 05:59:56.410537+00:00,1.0,18.0,https://backend.academy.cs.cmu.edu/a/user/182294/files/7204860/1,
6087158,1892,184193,2021-05-13 18:17:17.991415+00:00,2021-05-13 18:17:28.828975+00:00,1.0,11.0,https://backend.academy.cs.cmu.edu/a/user/184193/files/7037189/1,
6193161,1892,187439,2021-05-24 10:31:16.306046+00:00,2021-05-24 10:32:11.024898+00:00,2.0,56.0,https://backend.academy.cs.cmu.edu/a/user/187439/files/7147904/1,
6193518,1891,187479,2021-05-24 11:26:41.085739+00:00,2021-05-24 11:27:27.257165+00:00,1.0,47.0,https://backend.academy.cs.cmu.edu/a/user/187479/files/7148263/1,
6313196,1891,187783,2021-06-08 10:37:13.041918+00:00,2021-06-08 10:39:52.270401+00:00,1.0,193.0,https://backend.academy.cs.cmu.edu/a/user/187783/files/7275091/1,
6358070,1891,187829,2021-06-15 11:48:08.271527+00:00,2021-06-15 11:49:16.237045+00:00,1.0,68.0,https://backend.academy.cs.cmu.edu/a/user/187829/files/7324069/1,
6281111,1899,187946,2021-06-02 17:40:31.718487+00:00,2021-06-02 17:40:55.065314+00:00,1.0,24.0,https://backend.academy.cs.cmu.edu/a/user/187946/files/7240861/1,
6337794,1892,189092,2021-06-11 08:30:42.084508+00:00,2021-06-11 08:31:16.099888+00:00,2.0,40.0,https://backend.academy.cs.cmu.edu/a/user/189092/files/7301347/1,
6337909,1898,189114,2021-06-11 09:13:14.430295+00:00,2021-06-11 09:14:16.965220+00:00,1.0,65.0,https://backend.academy.cs.cmu.edu/a/user/189114/files/7301465/1,
6338041,1898,189137,2021-06-11 10:34:48.088718+00:00,2021-06-11 10:35:38.592116+00:00,1.0,37.0,https://backend.academy.cs.cmu.edu/a/user/189137/files/7301598/1,
6338064,1899,189148,2021-06-11 10:42:59.890274+00:00,2021-06-11 10:43:43.358293+00:00,1.0,44.0,https://backend.academy.cs.cmu.edu/a/user/189148/files/7301621/1,
6250599,1892,189182,2021-05-28 13:46:18.100042+00:00,2021-05-28 13:46:34.086564+00:00,1.0,16.0,https://backend.academy.cs.cmu.edu/a/user/189182/files/7208194/1,
6284160,1892,190098,2021-06-03 02:28:51.922593+00:00,2021-06-03 02:29:17.136655+00:00,2.0,26.0,https://backend.academy.cs.cmu.edu/a/user/190098/files/7243964/1,
6305144,1892,190342,2021-06-07 13:39:48.871480+00:00,2021-06-07 13:40:03.776387+00:00,1.0,15.0,https://backend.academy.cs.cmu.edu/a/user/190342/files/7266482/1,
6313115,1892,191385,2021-06-08 10:16:25.224809+00:00,2021-06-08 10:16:51.649219+00:00,1.0,27.0,https://backend.academy.cs.cmu.edu/a/user/191385/files/7275010/1,
6415758,1893,195288,2021-07-12 14:37:16.817552+00:00,2021-07-12 14:38:21.095268+00:00,1.0,69.0,https://backend.academy.cs.cmu.edu/a/user/195288/files/7388010/1,
7221185,1898,203886,2021-09-15 14:08:27.778001+00:00,2021-09-15 14:09:34.624833+00:00,1.0,28.0,https://backend.academy.cs.cmu.edu/a/user/203886/files/8265375/1,
7317740,1891,205985,2021-09-17 15:09:22.863383+00:00,2021-09-17 15:09:53.242597+00:00,1.0,31.0,https://backend.academy.cs.cmu.edu/a/user/205985/files/8364545/1,
6451382,1892,205999,2021-08-10 19:46:33.530781+00:00,2021-08-10 19:46:52.469544+00:00,1.0,24.0,https://backend.academy.cs.cmu.edu/a/user/205999/files/7435517/1,
6447821,1896,208386,2021-08-09 16:00:20.506180+00:00,2021-08-09 16:03:11.580195+00:00,1.0,178.0,https://backend.academy.cs.cmu.edu/a/user/208386/files/7430064/1,
6465436,1892,212853,2021-08-13 13:45:18.553407+00:00,2021-08-13 13:45:43.458269+00:00,2.0,35.0,https://backend.academy.cs.cmu.edu/a/user/212853/files/7452591/1,
6480690,1892,215449,2021-08-16 18:12:37.635410+00:00,2021-08-16 18:13:01.760489+00:00,1.0,23.0,https://backend.academy.cs.cmu.edu/a/user/215449/files/7472321/1,
6539498,1892,215903,2021-08-20 14:29:59.233948+00:00,2021-08-20 14:30:30.892181+00:00,1.0,32.0,https://backend.academy.cs.cmu.edu/a/user/215903/files/7541301/1,
6503065,1892,218688,2021-08-18 15:14:22.807886+00:00,2021-08-18 15:14:50.632144+00:00,1.0,29.0,https://backend.academy.cs.cmu.edu/a/user/218688/files/7498755/1,
6503044,1891,218688,2021-08-18 15:13:36.444802+00:00,2021-08-18 15:14:13.392037+00:00,1.0,39.0,https://backend.academy.cs.cmu.edu/a/user/218688/files/7498734/1,
6499616,1892,219699,2021-08-18 13:02:56.668485+00:00,2021-08-18 13:03:11.157917+00:00,1.0,15.0,https://backend.academy.cs.cmu.edu/a/user/219699/files/7495184/1,
6536830,1899,219699,2021-08-20 13:05:32.093474+00:00,2021-08-20 13:05:58.051223+00:00,1.0,27.0,https://backend.academy.cs.cmu.edu/a/user/219699/files/7537435/1,
6522320,1891,219908,2021-08-19 15:46:39.579938+00:00,2021-08-19 15:47:12.209199+00:00,1.0,34.0,https://backend.academy.cs.cmu.edu/a/user/219908/files/7519064/1,
6859875,1898,220060,2021-09-02 17:30:10.395499+00:00,2021-09-02 17:30:34.789842+00:00,1.0,25.0,https://backend.academy.cs.cmu.edu/a/user/220060/files/7888892/1,
6566747,1892,220100,2021-08-23 16:57:52.817888+00:00,2021-08-23 16:58:26.618209+00:00,1.0,34.0,https://backend.academy.cs.cmu.edu/a/user/220100/files/7575824/1,
6827347,1905,220140,2021-09-01 21:03:27.783187+00:00,2021-09-01 21:07:43.071667+00:00,1.0,134.0,https://backend.academy.cs.cmu.edu/a/user/220140/files/7855116/1,
7650365,1898,220192,2021-09-28 15:50:26.958610+00:00,2021-09-28 15:51:39.255975+00:00,1.0,85.0,https://backend.academy.cs.cmu.edu/a/user/220192/files/8709339/1,
6494283,1890,220944,2021-08-17 19:17:39.292724+00:00,2021-08-17 19:19:43.337704+00:00,2.0,117.0,https://backend.academy.cs.cmu.edu/a/user/220944/files/7488431/1,
6531025,1892,221004,2021-08-19 20:23:02.815948+00:00,2021-08-19 20:23:24.534081+00:00,1.0,22.0,https://backend.academy.cs.cmu.edu/a/user/221004/files/7530545/1,
8492430,2000,221596,2021-10-26 14:17:56.858453+00:00,2021-10-26 14:20:12.464430+00:00,1.0,139.0,https://backend.academy.cs.cmu.edu/a/user/221596/files/9580303/1,
6621029,1898,226144,2021-08-25 16:51:30.919229+00:00,2021-08-25 16:52:25.306885+00:00,2.0,56.0,https://backend.academy.cs.cmu.edu/a/user/226144/files/7635772/1,
6621117,1899,226144,2021-08-25 16:52:49.592842+00:00,2021-08-25 16:53:15.610559+00:00,1.0,27.0,https://backend.academy.cs.cmu.edu/a/user/226144/files/7635861/1,
6654251,1902,226144,2021-08-26 16:53:57.780944+00:00,2021-08-26 16:55:19.826638+00:00,2.0,84.0,https://backend.academy.cs.cmu.edu/a/user/226144/files/7671686/1,
6890559,1917,226144,2021-09-03 16:46:36.923566+00:00,2021-09-03 16:47:34.500483+00:00,1.0,59.0,https://backend.academy.cs.cmu.edu/a/user/226144/files/7921131/1,
7619836,2063,227572,2021-09-27 18:44:47.624606+00:00,2021-09-27 18:47:10.185021+00:00,1.0,144.0,https://backend.academy.cs.cmu.edu/a/user/227572/files/8677701/1,
7620380,2063,227578,2021-09-27 18:56:11.013747+00:00,2021-09-27 19:00:00.997061+00:00,1.0,248.0,https://backend.academy.cs.cmu.edu/a/user/227578/files/8678251/1,
7620570,2063,227582,2021-09-27 19:00:24.493096+00:00,2021-09-27 19:07:49.218656+00:00,1.0,751.0,https://backend.academy.cs.cmu.edu/a/user/227582/files/8678442/1,
7620722,2063,227585,2021-09-27 19:04:54.201200+00:00,2021-09-27 19:05:51.807430+00:00,1.0,62.0,https://backend.academy.cs.cmu.edu/a/user/227585/files/8678600/1,
7619739,2063,227586,2021-09-27 18:43:17.069516+00:00,2021-09-27 18:47:16.858980+00:00,1.0,238.0,https://backend.academy.cs.cmu.edu/a/user/227586/files/8677603/1,
7621738,2063,227590,2021-09-27 19:32:31.163889+00:00,2021-09-27 19:33:59.924572+00:00,1.0,93.0,https://backend.academy.cs.cmu.edu/a/user/227590/files/8679624/1,
7619228,2063,227593,2021-09-27 18:36:29.738585+00:00,2021-09-27 18:37:55.470176+00:00,1.0,141.0,https://backend.academy.cs.cmu.edu/a/user/227593/files/8677069/1,
7620662,2063,227595,2021-09-27 19:03:34.695616+00:00,2021-09-27 19:09:19.229261+00:00,1.0,341.0,https://backend.academy.cs.cmu.edu/a/user/227595/files/8678538/1,
7619856,2063,227598,2021-09-27 18:45:15.422700+00:00,2021-09-27 18:47:56.824364+00:00,1.0,255.0,https://backend.academy.cs.cmu.edu/a/user/227598/files/8677722/1,
7613038,2063,227602,2021-09-27 17:39:18.028614+00:00,2021-09-27 17:40:30.200890+00:00,1.0,73.0,https://backend.academy.cs.cmu.edu/a/user/227602/files/8670800/1,
9438952,2138,227608,2021-12-01 18:40:34.011866+00:00,2021-12-01 18:59:12.444500+00:00,1.0,167.0,https://backend.academy.cs.cmu.edu/a/user/227608/files/10560482/1,
9354798,2130,227611,2021-11-29 19:02:51.279094+00:00,2021-11-29 19:09:26.774064+00:00,1.0,397.0,https://backend.academy.cs.cmu.edu/a/user/227611/files/10473052/1,
7613821,2063,227614,2021-09-27 17:46:15.357379+00:00,2021-09-27 17:52:55.208960+00:00,1.0,162.0,https://backend.academy.cs.cmu.edu/a/user/227614/files/8671590/1,
7613448,2063,227616,2021-09-27 17:43:09.711832+00:00,2021-09-27 17:47:25.711341+00:00,1.0,229.0,https://backend.academy.cs.cmu.edu/a/user/227616/files/8671214/1,
7613730,2063,227620,2021-09-27 17:45:26.109499+00:00,2021-09-27 17:47:54.600571+00:00,2.0,149.0,https://backend.academy.cs.cmu.edu/a/user/227620/files/8671496/1,
11881510,1894,227626,2022-03-29 17:01:07.593712+00:00,2022-03-29 17:02:50.340199+00:00,1.0,104.0,https://backend.academy.cs.cmu.edu/a/user/227626/files/13152156/1,
11881392,1893,227626,2022-03-29 16:59:26.121055+00:00,2022-03-29 17:01:05.857326+00:00,1.0,100.0,https://backend.academy.cs.cmu.edu/a/user/227626/files/13152035/1,
7656279,2063,227627,2021-09-28 17:00:20.313722+00:00,2021-09-28 17:04:11.076396+00:00,3.0,233.0,https://backend.academy.cs.cmu.edu/a/user/227627/files/8715352/1,
7497246,2057,227639,2021-09-23 11:04:37.172865+00:00,2021-09-23 17:23:57.935614+00:00,1.0,878.0,https://backend.academy.cs.cmu.edu/a/user/227639/files/8551305/1,
7609699,2063,227649,2021-09-27 17:01:34.436112+00:00,2021-09-27 17:07:05.876177+00:00,1.0,228.0,https://backend.academy.cs.cmu.edu/a/user/227649/files/8667412/1,
9435635,2138,227652,2021-12-01 18:06:32.910422+00:00,2021-12-01 18:09:34.716438+00:00,2.0,483.0,https://backend.academy.cs.cmu.edu/a/user/227652/files/10557118/1,
9414632,2138,227665,2021-12-01 14:14:04.093054+00:00,2021-12-01 14:16:08.754881+00:00,1.0,144.0,https://backend.academy.cs.cmu.edu/a/user/227665/files/10535531/1,
7636574,2063,227667,2021-09-28 13:25:42.903617+00:00,2021-09-28 13:26:57.799049+00:00,1.0,77.0,https://backend.academy.cs.cmu.edu/a/user/227667/files/8695225/1,
9414149,2138,227668,2021-12-01 14:08:27.148410+00:00,2021-12-01 14:16:22.008562+00:00,1.0,400.0,https://backend.academy.cs.cmu.edu/a/user/227668/files/10535044/1,
7591054,2063,227670,2021-09-27 13:24:51.605072+00:00,2021-09-27 13:29:03.117112+00:00,1.0,146.0,https://backend.academy.cs.cmu.edu/a/user/227670/files/8648326/1,
7591078,2063,227673,2021-09-27 13:25:05.992602+00:00,2021-09-27 13:29:27.959181+00:00,1.0,366.0,https://backend.academy.cs.cmu.edu/a/user/227673/files/8648350/1,
6632952,1892,230197,2021-08-25 21:48:40.482637+00:00,2021-08-25 21:49:00.846745+00:00,1.0,31.0,https://backend.academy.cs.cmu.edu/a/user/230197/files/7648664/1,
6590271,1892,230886,2021-08-24 16:11:11.535759+00:00,2021-08-24 16:11:45.371408+00:00,1.0,34.0,https://backend.academy.cs.cmu.edu/a/user/230886/files/7601267/1,
6619386,1892,230971,2021-08-25 16:23:47.626444+00:00,2021-08-25 16:24:34.750498+00:00,1.0,48.0,https://backend.academy.cs.cmu.edu/a/user/230971/files/7633773/1,
6717921,1892,233222,2021-08-30 14:12:48.392442+00:00,2021-08-30 14:13:22.446375+00:00,1.0,37.0,https://backend.academy.cs.cmu.edu/a/user/233222/files/7739527/1,
6696486,1892,236166,2021-08-27 18:37:55.204638+00:00,2021-08-27 18:38:21.425788+00:00,1.0,29.0,https://backend.academy.cs.cmu.edu/a/user/236166/files/7715757/1,
6708582,1891,236894,2021-08-30 11:55:29.031135+00:00,2021-08-30 11:55:47.204270+00:00,1.0,20.0,https://backend.academy.cs.cmu.edu/a/user/236894/files/7729938/1,
9121391,2000,238808,2021-11-16 17:50:26.182602+00:00,2021-11-16 17:54:38.418065+00:00,1.0,132.0,https://backend.academy.cs.cmu.edu/a/user/238808/files/10231308/1,
9121509,2000,238810,2021-11-16 17:51:55.699738+00:00,2021-11-16 17:53:47.805606+00:00,2.0,93.0,https://backend.academy.cs.cmu.edu/a/user/238810/files/10231428/1,
6775749,1892,242731,2021-08-31 17:23:30.811411+00:00,2021-08-31 17:24:04.414384+00:00,1.0,27.0,https://backend.academy.cs.cmu.edu/a/user/242731/files/7800202/1,
6768585,1892,245685,2021-08-31 16:04:49.758792+00:00,2021-08-31 16:05:09.829918+00:00,1.0,21.0,https://backend.academy.cs.cmu.edu/a/user/245685/files/7792929/1,
6863944,1891,245979,2021-09-02 18:18:44.080240+00:00,2021-09-02 18:18:57.237139+00:00,1.0,14.0,https://backend.academy.cs.cmu.edu/a/user/245979/files/7893026/1,
8381926,1902,246173,2021-10-21 20:26:18.715207+00:00,2021-10-21 20:27:11.321891+00:00,2.0,54.0,https://backend.academy.cs.cmu.edu/a/user/246173/files/9465793/1,
6811035,1892,247116,2021-09-01 15:39:58.031478+00:00,2021-09-01 15:40:48.200471+00:00,1.0,51.0,https://backend.academy.cs.cmu.edu/a/user/247116/files/7837488/1,
7077621,1892,247546,2021-09-10 16:34:13.357832+00:00,2021-09-10 16:34:37.026345+00:00,1.0,24.0,https://backend.academy.cs.cmu.edu/a/user/247546/files/8117475/1,
6886675,1892,249353,2021-09-03 15:30:46.275717+00:00,2021-09-03 15:32:58.488495+00:00,1.0,21.0,https://backend.academy.cs.cmu.edu/a/user/249353/files/7917075/1,
8154869,1892,250508,2021-10-14 16:49:31.069480+00:00,2021-10-14 16:50:06.837516+00:00,1.0,43.0,https://backend.academy.cs.cmu.edu/a/user/250508/files/9231236/1,
6950300,1892,252271,2021-09-08 10:07:12.412701+00:00,2021-09-08 10:08:09.595996+00:00,1.0,58.0,https://backend.academy.cs.cmu.edu/a/user/252271/files/7983967/1,
6951157,1899,252271,2021-09-08 11:54:04.681834+00:00,2021-09-08 11:55:18.594925+00:00,1.0,73.0,https://backend.academy.cs.cmu.edu/a/user/252271/files/7984985/1,
6907128,1892,252273,2021-09-06 10:09:46.444201+00:00,2021-09-06 10:10:19.601475+00:00,1.0,35.0,https://backend.academy.cs.cmu.edu/a/user/252273/files/7938139/1,
6939733,1892,254011,2021-09-07 18:11:04.138879+00:00,2021-09-07 18:11:52.073207+00:00,1.0,41.0,https://backend.academy.cs.cmu.edu/a/user/254011/files/7972625/1,
7330418,1892,257615,2021-09-17 17:26:52.277516+00:00,2021-09-17 17:27:34.020842+00:00,1.0,42.0,https://backend.academy.cs.cmu.edu/a/user/257615/files/8377381/1,
7055488,1892,258833,2021-09-10 12:57:35.081489+00:00,2021-09-10 12:57:53.013317+00:00,1.0,18.0,https://backend.academy.cs.cmu.edu/a/user/258833/files/8094436/1,
9512077,1891,259375,2021-12-03 17:17:35.114014+00:00,2021-12-03 17:17:52.715813+00:00,1.0,19.0,https://backend.academy.cs.cmu.edu/a/user/259375/files/10636299/1,
7153099,1891,260745,2021-09-13 21:31:30.308635+00:00,2021-09-13 21:31:53.928575+00:00,1.0,25.0,https://backend.academy.cs.cmu.edu/a/user/260745/files/8195707/1,
7142281,1892,261106,2021-09-13 17:57:30.616257+00:00,2021-09-13 17:57:52.076849+00:00,1.0,22.0,https://backend.academy.cs.cmu.edu/a/user/261106/files/8184695/1,
7167510,1892,261433,2021-09-14 13:38:31.415075+00:00,2021-09-14 13:39:37.181065+00:00,1.0,66.0,https://backend.academy.cs.cmu.edu/a/user/261433/files/8210341/1,
8755029,1892,261924,2021-11-03 17:53:49.848385+00:00,2021-11-03 17:54:16.610117+00:00,1.0,26.0,https://backend.academy.cs.cmu.edu/a/user/261924/files/9853807/1,
7368501,1892,263386,2021-09-20 15:05:46.681638+00:00,2021-09-20 15:06:17.149367+00:00,1.0,33.0,https://backend.academy.cs.cmu.edu/a/user/263386/files/8418561/1,
8113600,1891,264713,2021-10-13 15:28:36.353334+00:00,2021-10-13 15:29:48.978085+00:00,1.0,51.0,https://backend.academy.cs.cmu.edu/a/user/264713/files/9187987/1,
9636771,2117,269257,2021-12-08 18:28:35.243201+00:00,2021-12-08 18:28:41.054697+00:00,1.0,38.0,https://backend.academy.cs.cmu.edu/a/user/269257/files/10766475/1,
9810968,2117,269262,2021-12-15 23:54:43.864336+00:00,2021-12-15 23:56:42.483035+00:00,1.0,128.0,https://backend.academy.cs.cmu.edu/a/user/269262/files/10948982/1,
7413480,1891,269872,2021-09-21 14:13:59.496489+00:00,2021-09-21 14:14:08.636723+00:00,1.0,9.0,https://backend.academy.cs.cmu.edu/a/user/269872/files/8464615/1,
7465275,1891,271754,2021-09-22 14:46:19.996304+00:00,2021-09-22 14:46:53.129679+00:00,1.0,35.0,https://backend.academy.cs.cmu.edu/a/user/271754/files/8518153/1,
9931204,1926,276331,2022-01-05 14:12:28.528715+00:00,2022-01-05 14:14:39.512841+00:00,1.0,132.0,https://backend.academy.cs.cmu.edu/a/user/276331/files/11077654/1,
7667329,1892,277413,2021-09-28 19:06:47.066499+00:00,2021-09-28 19:07:01.334691+00:00,1.0,16.0,https://backend.academy.cs.cmu.edu/a/user/277413/files/8726869/1,
9556331,1891,284796,2021-12-06 17:34:59.714225+00:00,2021-12-06 17:35:28.109413+00:00,1.0,30.0,https://backend.academy.cs.cmu.edu/a/user/284796/files/10682728/1,
9581227,1892,288232,2021-12-07 14:33:41.882481+00:00,2021-12-07 14:34:07.035825+00:00,1.0,26.0,https://backend.academy.cs.cmu.edu/a/user/288232/files/10708712/1,
11489618,1892,289253,2022-03-09 13:15:04.649475+00:00,2022-03-09 13:15:52.312331+00:00,2.0,42.0,https://backend.academy.cs.cmu.edu/a/user/289253/files/12736787/1,
8505462,1890,294203,2021-10-26 16:46:13.508344+00:00,2021-10-26 16:47:23.876774+00:00,1.0,72.0,https://backend.academy.cs.cmu.edu/a/user/294203/files/9593646/1,
9678841,1926,294657,2021-12-09 20:00:55.972808+00:00,2021-12-13 20:19:20.567003+00:00,1.0,248.0,https://backend.academy.cs.cmu.edu/a/user/294657/files/10810504/1,
9358455,1892,294674,2021-11-29 19:57:02.334166+00:00,2021-11-29 19:57:23.841261+00:00,1.0,22.0,https://backend.academy.cs.cmu.edu/a/user/294674/files/10476851/1,
9642142,1917,294674,2021-12-08 19:40:45.196419+00:00,2021-12-08 19:41:06.998424+00:00,1.0,22.0,https://backend.academy.cs.cmu.edu/a/user/294674/files/10772076/1,
8645939,1891,295983,2021-10-30 16:44:31.195340+00:00,2021-11-01 17:06:06.158701+00:00,1.0,89.0,https://backend.academy.cs.cmu.edu/a/user/295983/files/9739850/1,
8672514,1893,295983,2021-11-01 17:08:09.157818+00:00,2021-11-01 17:09:22.572738+00:00,2.0,79.0,https://backend.academy.cs.cmu.edu/a/user/295983/files/9767815/1,
8403212,1891,296437,2021-10-22 15:11:08.165055+00:00,2021-10-22 15:11:59.616781+00:00,1.0,52.0,https://backend.academy.cs.cmu.edu/a/user/296437/files/9487881/1,
8517383,1892,298179,2021-10-26 19:17:54.747170+00:00,2021-10-26 19:18:24.420590+00:00,1.0,31.0,https://backend.academy.cs.cmu.edu/a/user/298179/files/9605810/1,
8850546,1905,298538,2021-11-08 03:27:18.112823+00:00,2021-11-08 03:29:15.470154+00:00,1.0,119.0,https://backend.academy.cs.cmu.edu/a/user/298538/files/9952885/1,
9236323,1898,300213,2021-11-19 16:12:26.364347+00:00,2021-11-19 16:12:49.456594+00:00,1.0,41.0,https://backend.academy.cs.cmu.edu/a/user/300213/files/10349461/1,
11143817,1892,302679,2022-02-22 20:09:36.830680+00:00,2022-02-22 20:09:59.504906+00:00,2.0,24.0,https://backend.academy.cs.cmu.edu/a/user/302679/files/12372630/1,
9184404,1892,305737,2021-11-18 13:31:58.262724+00:00,2021-11-18 13:33:53.482983+00:00,3.0,116.0,https://backend.academy.cs.cmu.edu/a/user/305737/files/10296214/1,
8866049,1890,305803,2021-11-08 15:26:47.595588+00:00,2021-11-08 15:28:07.118374+00:00,1.0,83.0,https://backend.academy.cs.cmu.edu/a/user/305803/files/9969176/1,
11659667,1901,305905,2022-03-17 14:49:12.549378+00:00,2022-03-17 15:00:32.988144+00:00,1.0,684.0,https://backend.academy.cs.cmu.edu/a/user/305905/files/12917197/1,
9160662,1892,307239,2021-11-17 17:07:31.936429+00:00,2021-11-17 17:07:51.550394+00:00,1.0,20.0,https://backend.academy.cs.cmu.edu/a/user/307239/files/10271630/1,
10805794,1892,308094,2022-02-08 18:45:12.865798+00:00,2022-02-08 18:46:27.069150+00:00,1.0,76.0,https://backend.academy.cs.cmu.edu/a/user/308094/files/12014255/1,
9100960,1898,309707,2021-11-16 14:08:46.297852+00:00,2021-11-16 14:09:05.814543+00:00,1.0,20.0,https://backend.academy.cs.cmu.edu/a/user/309707/files/10210579/1,
9487071,1892,311775,2021-12-02 20:11:18.743218+00:00,2021-12-02 20:11:38.759093+00:00,1.0,21.0,https://backend.academy.cs.cmu.edu/a/user/311775/files/10610249/1,
9194872,1899,312091,2021-11-18 15:31:45.272180+00:00,2021-11-18 15:33:13.458076+00:00,1.0,78.0,https://backend.academy.cs.cmu.edu/a/user/312091/files/10306961/1,
11524580,1892,312207,2022-03-10 13:50:50.861147+00:00,2022-03-10 13:51:16.420291+00:00,1.0,27.0,https://backend.academy.cs.cmu.edu/a/user/312207/files/12773543/1,
9498808,1892,312230,2021-12-03 14:05:58.434168+00:00,2021-12-03 14:06:37.381594+00:00,1.0,40.0,https://backend.academy.cs.cmu.edu/a/user/312230/files/10622422/1,
9485585,1892,312594,2021-12-02 19:44:31.789377+00:00,2021-12-02 19:44:53.723434+00:00,1.0,22.0,https://backend.academy.cs.cmu.edu/a/user/312594/files/10608628/1,
9271157,1892,313491,2021-11-22 16:15:22.566972+00:00,2021-11-22 16:15:55.729763+00:00,1.0,35.0,https://backend.academy.cs.cmu.edu/a/user/313491/files/10385808/1,
9486201,1893,314137,2021-12-02 19:54:03.850516+00:00,2021-12-02 19:54:59.426284+00:00,1.0,56.0,https://backend.academy.cs.cmu.edu/a/user/314137/files/10609368/1,
9397856,1892,316372,2021-11-30 19:13:09.830225+00:00,2021-11-30 19:13:49.033002+00:00,1.0,41.0,https://backend.academy.cs.cmu.edu/a/user/316372/files/10517877/1,
9758323,2063,316625,2021-12-14 13:53:09.138761+00:00,2021-12-14 14:20:17.361402+00:00,1.0,518.0,https://backend.academy.cs.cmu.edu/a/user/316625/files/10893883/1,
9455858,2063,316629,2021-12-02 13:53:28.257563+00:00,2021-12-02 14:14:08.522848+00:00,1.0,776.0,https://backend.academy.cs.cmu.edu/a/user/316629/files/10577826/1,
9721727,1899,317547,2021-12-13 12:54:32.324338+00:00,2021-12-13 12:55:38.048968+00:00,1.0,67.0,https://backend.academy.cs.cmu.edu/a/user/317547/files/10855085/1,
10186671,1892,317853,2022-01-14 18:55:44.935399+00:00,2022-01-14 18:56:01.787671+00:00,1.0,17.0,https://backend.academy.cs.cmu.edu/a/user/317853/files/11350438/1,
9648072,1898,320581,2021-12-09 03:20:05.322328+00:00,2021-12-09 03:20:38.266533+00:00,1.0,34.0,https://backend.academy.cs.cmu.edu/a/user/320581/files/10778255/1,
9850086,1976,326044,2021-12-17 19:41:40.709086+00:00,2021-12-17 19:44:11.392070+00:00,1.0,151.0,https://backend.academy.cs.cmu.edu/a/user/326044/files/10989800/1,
9722904,1892,326706,2021-12-13 13:20:07.906220+00:00,2021-12-13 13:20:36.799722+00:00,1.0,31.0,https://backend.academy.cs.cmu.edu/a/user/326706/files/10856513/1,
9792683,1891,327619,2021-12-15 14:55:02.883441+00:00,2021-12-15 15:00:08.153003+00:00,1.0,30.0,https://backend.academy.cs.cmu.edu/a/user/327619/files/10930067/1,
10189743,1972,333796,2022-01-14 19:58:50.416733+00:00,2022-01-14 20:15:46.716075+00:00,2.0,358.0,https://backend.academy.cs.cmu.edu/a/user/333796/files/11353577/1,
10300491,1971,338486,2022-01-20 19:55:37.537173+00:00,2022-01-20 19:57:53.728294+00:00,1.0,138.0,https://backend.academy.cs.cmu.edu/a/user/338486/files/11472747/1,
10583184,2020,343397,2022-02-01 03:46:54.185634+00:00,2022-02-01 03:49:40.769064+00:00,1.0,152.0,https://backend.academy.cs.cmu.edu/a/user/343397/files/11777062/1,
10376180,1892,347734,2022-01-24 22:45:48.442547+00:00,2022-01-24 22:46:01.387702+00:00,1.0,13.0,https://backend.academy.cs.cmu.edu/a/user/347734/files/11554404/1,
10401618,1891,349779,2022-01-25 17:32:39.021544+00:00,2022-01-25 17:33:03.185858+00:00,1.0,25.0,https://backend.academy.cs.cmu.edu/a/user/349779/files/11581540/1,
10828095,1891,353394,2022-02-09 15:02:26.735317+00:00,2022-02-09 15:03:51.905888+00:00,1.0,94.0,https://backend.academy.cs.cmu.edu/a/user/353394/files/12037751/1,
10783879,1892,354401,2022-02-08 14:33:20.778369+00:00,2022-02-08 14:33:40.390532+00:00,1.0,21.0,https://backend.academy.cs.cmu.edu/a/user/354401/files/11991254/1,
10943742,1892,356423,2022-02-14 15:04:20.260230+00:00,2022-02-14 15:04:45.811670+00:00,1.0,26.0,https://backend.academy.cs.cmu.edu/a/user/356423/files/12159704/1,
10944079,1899,356423,2022-02-14 15:07:46.982561+00:00,2022-02-14 15:08:23.434663+00:00,1.0,37.0,https://backend.academy.cs.cmu.edu/a/user/356423/files/12160046/1,
11618516,2000,357283,2022-03-15 16:39:01.982289+00:00,2022-03-15 16:41:00.781560+00:00,2.0,132.0,https://backend.academy.cs.cmu.edu/a/user/357283/files/12872777/1,
10757198,1892,358085,2022-02-07 17:41:17.926564+00:00,2022-02-07 17:42:02.838868+00:00,1.0,46.0,https://backend.academy.cs.cmu.edu/a/user/358085/files/11963532/1,
10986659,1890,359171,2022-02-15 15:58:25.286472+00:00,2022-02-15 15:59:06.372961+00:00,1.0,46.0,https://backend.academy.cs.cmu.edu/a/user/359171/files/12205513/1,
11318728,1902,359183,2022-03-02 04:56:34.140303+00:00,2022-03-02 04:58:07.650812+00:00,3.0,105.0,https://backend.academy.cs.cmu.edu/a/user/359183/files/12556396/1,
10781736,1892,359570,2022-02-08 14:13:25.729132+00:00,2022-02-08 14:13:44.653865+00:00,1.0,20.0,https://backend.academy.cs.cmu.edu/a/user/359570/files/11989082/1,
10834067,1892,360716,2022-02-09 16:18:37.119799+00:00,2022-02-09 16:18:57.208685+00:00,1.0,22.0,https://backend.academy.cs.cmu.edu/a/user/360716/files/12043939/1,
11391913,1902,364385,2022-03-04 14:16:48.810885+00:00,2022-03-04 14:17:11.777414+00:00,1.0,24.0,https://backend.academy.cs.cmu.edu/a/user/364385/files/12633712/1,
11099574,1894,365110,2022-02-18 18:58:12.381911+00:00,2022-02-18 18:59:53.515420+00:00,1.0,103.0,https://backend.academy.cs.cmu.edu/a/user/365110/files/12325806/1,
11100522,1892,365127,2022-02-18 19:21:39.936735+00:00,2022-02-18 19:21:58.333890+00:00,1.0,19.0,https://backend.academy.cs.cmu.edu/a/user/365127/files/12326803/1,
11096074,1892,366367,2022-02-18 17:34:40.899904+00:00,2022-02-18 17:34:59.732104+00:00,1.0,19.0,https://backend.academy.cs.cmu.edu/a/user/366367/files/12322178/1,
11624821,1986,368036,2022-03-15 18:33:14.976484+00:00,2022-03-16 16:27:13.581447+00:00,1.0,106.0,https://backend.academy.cs.cmu.edu/a/user/368036/files/12879388/1,
12251863,1979,373127,2022-04-21 15:01:48.052472+00:00,2022-04-21 15:11:12.233704+00:00,1.0,572.0,https://backend.academy.cs.cmu.edu/a/user/373127/files/13542090/1,
12562567,2095,378567,2022-05-09 15:15:53.665549+00:00,2022-05-09 15:19:25.432820+00:00,1.0,213.0,https://backend.academy.cs.cmu.edu/a/user/378567/files/13869408/1,
11992429,1891,385970,2022-04-04 20:51:03.183477+00:00,2022-04-04 20:51:22.126911+00:00,1.0,20.0,https://backend.academy.cs.cmu.edu/a/user/385970/files/13269580/1,
12085873,1891,388202,2022-04-08 18:30:18.226133+00:00,2022-04-08 18:30:35.105686+00:00,1.0,22.0,https://backend.academy.cs.cmu.edu/a/user/388202/files/13368027/1,
12235582,1892,389943,2022-04-20 17:57:57.011203+00:00,2022-04-20 17:58:32.349983+00:00,1.0,36.0,https://backend.academy.cs.cmu.edu/a/user/389943/files/13524919/1,
12374001,1892,391360,2022-04-27 19:43:07.772867+00:00,2022-04-27 19:43:26.057249+00:00,1.0,19.0,https://backend.academy.cs.cmu.edu/a/user/391360/files/13671825/1,
12269808,1892,392191,2022-04-22 12:45:35.224016+00:00,2022-04-22 12:46:12.550963+00:00,1.0,39.0,https://backend.academy.cs.cmu.edu/a/user/392191/files/13560829/1,
12275818,1892,392242,2022-04-22 15:07:56.175217+00:00,2022-04-22 15:08:11.152883+00:00,1.0,16.0,https://backend.academy.cs.cmu.edu/a/user/392242/files/13567061/1,
12275804,1891,392242,2022-04-22 15:07:33.428620+00:00,2022-04-22 15:07:48.050148+00:00,1.0,17.0,https://backend.academy.cs.cmu.edu/a/user/392242/files/13567047/1,
12984297,1892,396698,2022-06-23 00:28:34.683326+00:00,2022-06-23 00:28:48.603663+00:00,1.0,15.0,https://backend.academy.cs.cmu.edu/a/user/396698/files/14327400/1,
12528555,1892,396932,2022-05-06 04:09:22.006955+00:00,2022-05-06 04:10:26.821294+00:00,1.0,54.0,https://backend.academy.cs.cmu.edu/a/user/396932/files/13833750/1,
12766579,1902,396932,2022-05-20 04:26:01.220380+00:00,2022-05-20 04:27:11.682227+00:00,2.0,71.0,https://backend.academy.cs.cmu.edu/a/user/396932/files/14083959/1,
12521330,1892,398196,2022-05-05 17:28:43.170815+00:00,2022-05-05 17:29:00.954034+00:00,1.0,19.0,https://backend.academy.cs.cmu.edu/a/user/398196/files/13826254/1,
12637792,1892,401329,2022-05-12 14:41:32.513462+00:00,2022-05-12 14:42:06.279866+00:00,1.0,23.0,https://backend.academy.cs.cmu.edu/a/user/401329/files/13947941/1,
12639838,1892,401344,2022-05-12 15:28:25.689339+00:00,2022-05-12 15:29:07.994620+00:00,1.0,43.0,https://backend.academy.cs.cmu.edu/a/user/401344/files/13950055/1,
12719318,1898,403068,2022-05-17 18:08:15.467913+00:00,2022-05-17 18:09:25.176830+00:00,1.0,65.0,https://backend.academy.cs.cmu.edu/a/user/403068/files/14033854/1,
12803833,1890,403844,2022-05-24 02:55:27.389963+00:00,2022-05-24 02:55:59.205901+00:00,1.0,33.0,https://backend.academy.cs.cmu.edu/a/user/403844/files/14123800/1,
12821832,1892,405635,2022-05-25 08:47:18.344600+00:00,2022-05-25 08:47:38.088065+00:00,1.0,20.0,https://backend.academy.cs.cmu.edu/a/user/405635/files/14143631/1,
12884277,1892,405828,2022-06-01 14:35:01.228791+00:00,2022-06-01 14:35:24.860628+00:00,1.0,24.0,https://backend.academy.cs.cmu.edu/a/user/405828/files/14210255/1,
12933095,1902,410381,2022-06-08 16:01:43.236274+00:00,2022-06-08 16:02:34.178627+00:00,2.0,55.0,https://backend.academy.cs.cmu.edu/a/user/410381/files/14264543/1,
12939326,1922,410381,2022-06-09 16:14:29.643960+00:00,2022-06-09 16:15:37.815935+00:00,2.0,86.0,https://backend.academy.cs.cmu.edu/a/user/410381/files/14272197/1,
12943591,1902,410384,2022-06-10 14:12:37.219642+00:00,2022-06-10 14:32:31.873373+00:00,1.0,52.0,https://backend.academy.cs.cmu.edu/a/user/410384/files/14278266/1,
12987861,1892,413141,2022-06-24 20:45:22.381127+00:00,2022-06-24 20:46:04.718124+00:00,1.0,43.0,https://backend.academy.cs.cmu.edu/a/user/413141/files/14331277/1,
13014592,1893,415322,2022-07-18 13:33:11.131715+00:00,2022-07-18 13:33:44.618451+00:00,1.0,46.0,https://backend.academy.cs.cmu.edu/a/user/415322/files/14366464/1,
13077022,1892,429837,2022-08-10 19:13:25.281192+00:00,2022-08-10 19:13:47.998434+00:00,1.0,23.0,https://backend.academy.cs.cmu.edu/a/user/429837/files/14921501/1,
13077014,1891,429837,2022-08-10 19:13:00.417115+00:00,2022-08-10 19:13:21.962880+00:00,1.0,22.0,https://backend.academy.cs.cmu.edu/a/user/429837/files/14921493/1,
13216946,1891,446612,2022-08-23 14:01:57.845335+00:00,2022-08-23 14:03:23.042966+00:00,1.0,102.0,https://backend.academy.cs.cmu.edu/a/user/446612/files/15258170/1,
13589284,1917,455352,2022-09-06 13:33:48.424529+00:00,2022-09-06 13:34:11.927544+00:00,1.0,24.0,https://backend.academy.cs.cmu.edu/a/user/455352/files/15670157/1,
13480128,1892,463792,2022-08-31 18:05:00.244714+00:00,2022-08-31 18:05:33.794416+00:00,1.0,36.0,https://backend.academy.cs.cmu.edu/a/user/463792/files/15549721/1,
13488087,1892,464225,2022-08-31 20:27:38.868467+00:00,2022-08-31 20:28:49.602301+00:00,3.0,72.0,https://backend.academy.cs.cmu.edu/a/user/464225/files/15557873/1,
13488260,1892,464250,2022-08-31 20:32:06.033245+00:00,2022-08-31 20:32:50.861058+00:00,1.0,45.0,https://backend.academy.cs.cmu.edu/a/user/464250/files/15558047/1,
13744779,1892,465953,2022-09-08 19:13:12.957372+00:00,2022-09-08 19:13:50.309057+00:00,1.0,30.0,https://backend.academy.cs.cmu.edu/a/user/465953/files/15833962/1,
13745851,1892,465958,2022-09-08 19:36:36.031399+00:00,2022-09-08 19:38:00.605575+00:00,1.0,101.0,https://backend.academy.cs.cmu.edu/a/user/465958/files/15835051/1,
13745079,1890,465966,2022-09-08 19:19:36.037811+00:00,2022-09-08 19:20:46.023993+00:00,1.0,73.0,https://backend.academy.cs.cmu.edu/a/user/465966/files/15834267/1,
14093365,1902,467372,2022-09-16 17:59:10.853429+00:00,2022-09-16 18:00:37.357713+00:00,2.0,99.0,https://backend.academy.cs.cmu.edu/a/user/467372/files/16197299/1,
14093454,1902,467378,2022-09-16 18:00:12.249665+00:00,2022-09-16 18:00:42.726466+00:00,2.0,37.0,https://backend.academy.cs.cmu.edu/a/user/467378/files/16197396/1,
13677790,1902,467380,2022-09-07 18:03:20.511405+00:00,2022-09-07 18:04:06.534575+00:00,1.0,48.0,https://backend.academy.cs.cmu.edu/a/user/467380/files/15765001/1,
13960674,1891,471478,2022-09-14 15:02:30.067981+00:00,2022-09-14 15:03:11.690178+00:00,2.0,43.0,https://backend.academy.cs.cmu.edu/a/user/471478/files/16059767/1,
14136699,1971,473328,2022-09-19 15:16:08.414515+00:00,2022-09-19 15:18:05.469347+00:00,1.0,117.0,https://backend.academy.cs.cmu.edu/a/user/473328/files/16244338/1,
14134591,1968,473334,2022-09-19 14:57:10.712459+00:00,2022-09-19 14:58:59.131246+00:00,1.0,106.0,https://backend.academy.cs.cmu.edu/a/user/473334/files/16242201/1,
14208602,1892,473871,2022-09-20 17:18:28.555685+00:00,2022-09-20 17:19:11.071129+00:00,1.0,43.0,https://backend.academy.cs.cmu.edu/a/user/473871/files/16317740/1,
13723413,1890,475580,2022-09-08 15:59:52.577465+00:00,2022-09-08 16:00:17.928993+00:00,14.0,83.0,https://backend.academy.cs.cmu.edu/a/user/475580/files/15812229/1,
13747164,1891,476727,2022-09-08 20:05:34.122989+00:00,2022-09-08 20:06:55.521034+00:00,1.0,96.0,https://backend.academy.cs.cmu.edu/a/user/476727/files/15836405/1,
13987907,1892,477981,2022-09-14 19:26:09.562367+00:00,2022-09-14 19:26:47.557945+00:00,1.0,39.0,https://backend.academy.cs.cmu.edu/a/user/477981/files/16087719/1,
14025858,1896,478059,2022-09-15 15:58:35.267109+00:00,2022-09-15 16:00:21.645096+00:00,1.0,108.0,https://backend.academy.cs.cmu.edu/a/user/478059/files/16127376/1,
13910742,1892,481491,2022-09-13 16:33:46.375650+00:00,2022-09-13 16:34:19.625753+00:00,1.0,34.0,https://backend.academy.cs.cmu.edu/a/user/481491/files/16008290/1,
13875060,1892,482388,2022-09-13 09:44:20.691203+00:00,2022-09-13 09:44:48.502330+00:00,1.0,28.0,https://backend.academy.cs.cmu.edu/a/user/482388/files/15971585/1,
13895071,1892,483055,2022-09-13 14:26:44.534473+00:00,2022-09-13 14:27:19.754451+00:00,1.0,36.0,https://backend.academy.cs.cmu.edu/a/user/483055/files/15992155/1,
